--
-- PostgreSQL database dump
--

-- Dumped from database version 9.6.5
-- Dumped by pg_dump version 9.6.5

SET statement_timeout = 0;
SET lock_timeout = 0;
SET idle_in_transaction_session_timeout = 0;
SET client_encoding = 'UTF8';
SET standard_conforming_strings = on;
SET check_function_bodies = false;
SET client_min_messages = warning;
SET row_security = off;

--
-- Name: park; Type: DATABASE; Schema: -; Owner: postgres
--

CREATE DATABASE park WITH TEMPLATE = template0 ENCODING = 'UTF8' LC_COLLATE = 'ja_JP.UTF-8' LC_CTYPE = 'ja_JP.UTF-8';


ALTER DATABASE park OWNER TO postgres;

\connect park

SET statement_timeout = 0;
SET lock_timeout = 0;
SET idle_in_transaction_session_timeout = 0;
SET client_encoding = 'UTF8';
SET standard_conforming_strings = on;
SET check_function_bodies = false;
SET client_min_messages = warning;
SET row_security = off;

--
-- Name: plpgsql; Type: EXTENSION; Schema: -; Owner: 
--

CREATE EXTENSION IF NOT EXISTS plpgsql WITH SCHEMA pg_catalog;


--
-- Name: EXTENSION plpgsql; Type: COMMENT; Schema: -; Owner: 
--

COMMENT ON EXTENSION plpgsql IS 'PL/pgSQL procedural language';


--
-- Name: postgis; Type: EXTENSION; Schema: -; Owner: 
--

CREATE EXTENSION IF NOT EXISTS postgis WITH SCHEMA public;


--
-- Name: EXTENSION postgis; Type: COMMENT; Schema: -; Owner: 
--

COMMENT ON EXTENSION postgis IS 'PostGIS geometry, geography, and raster spatial types and functions';


SET search_path = public, pg_catalog;

SET default_tablespace = '';

SET default_with_oids = false;

--
-- Name: categories; Type: TABLE; Schema: public; Owner: postgres
--

CREATE TABLE categories (
    id integer NOT NULL,
    name character varying(255) DEFAULT NULL::character varying,
    icon_name text,
    permit_flag integer DEFAULT 0 NOT NULL,
    created timestamp without time zone,
    modified timestamp without time zone
);


ALTER TABLE categories OWNER TO postgres;

--
-- Name: categories_id_seq; Type: SEQUENCE; Schema: public; Owner: postgres
--

CREATE SEQUENCE categories_id_seq
    START WITH 1
    INCREMENT BY 1
    NO MINVALUE
    NO MAXVALUE
    CACHE 1;


ALTER TABLE categories_id_seq OWNER TO postgres;

--
-- Name: categories_id_seq; Type: SEQUENCE OWNED BY; Schema: public; Owner: postgres
--

ALTER SEQUENCE categories_id_seq OWNED BY categories.id;


--
-- Name: details; Type: TABLE; Schema: public; Owner: postgres
--

CREATE TABLE details (
    id integer NOT NULL,
    park_list_id integer NOT NULL,
    name character varying(255) DEFAULT NULL::character varying,
    value character varying(10) DEFAULT NULL::character varying,
    permit_flag integer DEFAULT 0 NOT NULL,
    created timestamp without time zone,
    modified timestamp without time zone
);


ALTER TABLE details OWNER TO postgres;

--
-- Name: details_id_seq; Type: SEQUENCE; Schema: public; Owner: postgres
--

CREATE SEQUENCE details_id_seq
    START WITH 1
    INCREMENT BY 1
    NO MINVALUE
    NO MAXVALUE
    CACHE 1;


ALTER TABLE details_id_seq OWNER TO postgres;

--
-- Name: details_id_seq; Type: SEQUENCE OWNED BY; Schema: public; Owner: postgres
--

ALTER SEQUENCE details_id_seq OWNED BY details.id;


--
-- Name: landmarks; Type: TABLE; Schema: public; Owner: postgres
--

CREATE TABLE landmarks (
    id integer NOT NULL,
    category text,
    name text,
    lat double precision,
    lng double precision,
    point geometry(Point,4326),
    created timestamp without time zone DEFAULT now(),
    modified timestamp without time zone DEFAULT now()
);


ALTER TABLE landmarks OWNER TO postgres;

--
-- Name: landmarks_id_seq; Type: SEQUENCE; Schema: public; Owner: postgres
--

CREATE SEQUENCE landmarks_id_seq
    START WITH 1
    INCREMENT BY 1
    NO MINVALUE
    NO MAXVALUE
    CACHE 1;


ALTER TABLE landmarks_id_seq OWNER TO postgres;

--
-- Name: landmarks_id_seq; Type: SEQUENCE OWNED BY; Schema: public; Owner: postgres
--

ALTER SEQUENCE landmarks_id_seq OWNED BY landmarks.id;


--
-- Name: members; Type: TABLE; Schema: public; Owner: postgres
--

CREATE TABLE members (
    id integer NOT NULL,
    name text,
    txt1 text,
    txt2 text,
    txt3 text,
    int1 integer,
    int2 integer,
    int3 integer,
    created timestamp without time zone DEFAULT now(),
    modified timestamp without time zone DEFAULT now()
);


ALTER TABLE members OWNER TO postgres;

--
-- Name: members_id_seq; Type: SEQUENCE; Schema: public; Owner: postgres
--

CREATE SEQUENCE members_id_seq
    START WITH 1
    INCREMENT BY 1
    NO MINVALUE
    NO MAXVALUE
    CACHE 1;


ALTER TABLE members_id_seq OWNER TO postgres;

--
-- Name: members_id_seq; Type: SEQUENCE OWNED BY; Schema: public; Owner: postgres
--

ALTER SEQUENCE members_id_seq OWNED BY members.id;


--
-- Name: park_lists; Type: TABLE; Schema: public; Owner: postgres
--

CREATE TABLE park_lists (
    id integer NOT NULL,
    kind character varying(255) NOT NULL,
    number integer NOT NULL,
    park_name character varying(255) NOT NULL,
    park_name_rm character varying(255) DEFAULT NULL::character varying,
    controller character varying(255) NOT NULL,
    address text,
    start_date date,
    area double precision,
    size text,
    description text,
    toillet character varying(255) DEFAULT NULL::character varying,
    url text,
    latitude double precision,
    longitude double precision,
    point geometry(Point,4326) DEFAULT NULL::geometry,
    created timestamp without time zone,
    modified timestamp without time zone
);


ALTER TABLE park_lists OWNER TO postgres;

--
-- Name: park_lists_id_seq; Type: SEQUENCE; Schema: public; Owner: postgres
--

CREATE SEQUENCE park_lists_id_seq
    START WITH 1
    INCREMENT BY 1
    NO MINVALUE
    NO MAXVALUE
    CACHE 1;


ALTER TABLE park_lists_id_seq OWNER TO postgres;

--
-- Name: park_lists_id_seq; Type: SEQUENCE OWNED BY; Schema: public; Owner: postgres
--

ALTER SEQUENCE park_lists_id_seq OWNED BY park_lists.id;


--
-- Name: photos; Type: TABLE; Schema: public; Owner: postgres
--

CREATE TABLE photos (
    id integer NOT NULL,
    park_list_id integer NOT NULL,
    photo_url character varying(255) DEFAULT NULL::character varying,
    created timestamp without time zone DEFAULT now(),
    modified timestamp without time zone DEFAULT now()
);


ALTER TABLE photos OWNER TO postgres;

--
-- Name: photos_id_seq; Type: SEQUENCE; Schema: public; Owner: postgres
--

CREATE SEQUENCE photos_id_seq
    START WITH 1
    INCREMENT BY 1
    NO MINVALUE
    NO MAXVALUE
    CACHE 1;


ALTER TABLE photos_id_seq OWNER TO postgres;

--
-- Name: photos_id_seq; Type: SEQUENCE OWNED BY; Schema: public; Owner: postgres
--

ALTER SEQUENCE photos_id_seq OWNED BY photos.id;


--
-- Name: posts; Type: TABLE; Schema: public; Owner: postgres
--

CREATE TABLE posts (
    id integer NOT NULL,
    park_list_id integer NOT NULL,
    age integer,
    rank integer,
    photo_path text,
    message text,
    created timestamp without time zone DEFAULT now(),
    modified timestamp without time zone DEFAULT now()
);


ALTER TABLE posts OWNER TO postgres;

--
-- Name: posts_id_seq; Type: SEQUENCE; Schema: public; Owner: postgres
--

CREATE SEQUENCE posts_id_seq
    START WITH 1
    INCREMENT BY 1
    NO MINVALUE
    NO MAXVALUE
    CACHE 1;


ALTER TABLE posts_id_seq OWNER TO postgres;

--
-- Name: posts_id_seq; Type: SEQUENCE OWNED BY; Schema: public; Owner: postgres
--

ALTER SEQUENCE posts_id_seq OWNED BY posts.id;


--
-- Name: ranks; Type: TABLE; Schema: public; Owner: postgres
--

CREATE TABLE ranks (
    id integer NOT NULL,
    park_list_id integer NOT NULL,
    age integer,
    rank double precision,
    created timestamp without time zone,
    modified timestamp without time zone
);


ALTER TABLE ranks OWNER TO postgres;

--
-- Name: ranks_id_seq; Type: SEQUENCE; Schema: public; Owner: postgres
--

CREATE SEQUENCE ranks_id_seq
    START WITH 1
    INCREMENT BY 1
    NO MINVALUE
    NO MAXVALUE
    CACHE 1;


ALTER TABLE ranks_id_seq OWNER TO postgres;

--
-- Name: ranks_id_seq; Type: SEQUENCE OWNED BY; Schema: public; Owner: postgres
--

ALTER SEQUENCE ranks_id_seq OWNED BY ranks.id;


--
-- Name: survey_photos; Type: TABLE; Schema: public; Owner: postgres
--

CREATE TABLE survey_photos (
    id integer NOT NULL,
    survey_id integer,
    photo_path text,
    photo_lat double precision,
    photo_lng double precision,
    point geometry(Point,4326),
    created timestamp without time zone DEFAULT now(),
    modified timestamp without time zone DEFAULT now()
);


ALTER TABLE survey_photos OWNER TO postgres;

--
-- Name: survey_photos_id_seq; Type: SEQUENCE; Schema: public; Owner: postgres
--

CREATE SEQUENCE survey_photos_id_seq
    START WITH 1
    INCREMENT BY 1
    NO MINVALUE
    NO MAXVALUE
    CACHE 1;


ALTER TABLE survey_photos_id_seq OWNER TO postgres;

--
-- Name: survey_photos_id_seq; Type: SEQUENCE OWNED BY; Schema: public; Owner: postgres
--

ALTER SEQUENCE survey_photos_id_seq OWNED BY survey_photos.id;


--
-- Name: surveys; Type: TABLE; Schema: public; Owner: postgres
--

CREATE TABLE surveys (
    id integer NOT NULL,
    member_id integer NOT NULL,
    suvery_date timestamp without time zone DEFAULT now(),
    created timestamp without time zone DEFAULT now(),
    modified timestamp without time zone DEFAULT now()
);


ALTER TABLE surveys OWNER TO postgres;

--
-- Name: surveys_id_seq; Type: SEQUENCE; Schema: public; Owner: postgres
--

CREATE SEQUENCE surveys_id_seq
    START WITH 1
    INCREMENT BY 1
    NO MINVALUE
    NO MAXVALUE
    CACHE 1;


ALTER TABLE surveys_id_seq OWNER TO postgres;

--
-- Name: surveys_id_seq; Type: SEQUENCE OWNED BY; Schema: public; Owner: postgres
--

ALTER SEQUENCE surveys_id_seq OWNED BY surveys.id;


--
-- Name: view_park_lists; Type: VIEW; Schema: public; Owner: postgres
--

CREATE VIEW view_park_lists AS
 SELECT p.id,
    p.kind,
    p.number,
    p.park_name,
    p.park_name_rm,
    p.controller,
    p.address,
    p.start_date,
    p.area,
    p.description,
    p.toillet,
    p.url,
    p.latitude,
    p.longitude,
    p.point,
    p.created,
    p.modified,
    a.ok,
    b.ng,
    COALESCE(( SELECT sum(ps.rank) AS sum
           FROM posts ps
          WHERE (p.id = ps.park_list_id)
          GROUP BY ps.park_list_id), (0)::bigint) AS rank
   FROM ((park_lists p
     LEFT JOIN ( SELECT details.park_list_id,
            array_agg(details.name) AS ok
           FROM details
          WHERE (details.permit_flag = 1)
          GROUP BY details.park_list_id) a ON ((p.id = a.park_list_id)))
     LEFT JOIN ( SELECT details.park_list_id,
            array_agg(details.name) AS ng
           FROM details
          WHERE (details.permit_flag = 2)
          GROUP BY details.park_list_id) b ON ((p.id = b.park_list_id)))
  ORDER BY ( SELECT sum(ps.rank) AS sum
           FROM posts ps
          WHERE (p.id = ps.park_list_id)
          GROUP BY ps.park_list_id) DESC, p.id;


ALTER TABLE view_park_lists OWNER TO postgres;

--
-- Name: categories id; Type: DEFAULT; Schema: public; Owner: postgres
--

ALTER TABLE ONLY categories ALTER COLUMN id SET DEFAULT nextval('categories_id_seq'::regclass);


--
-- Name: details id; Type: DEFAULT; Schema: public; Owner: postgres
--

ALTER TABLE ONLY details ALTER COLUMN id SET DEFAULT nextval('details_id_seq'::regclass);


--
-- Name: landmarks id; Type: DEFAULT; Schema: public; Owner: postgres
--

ALTER TABLE ONLY landmarks ALTER COLUMN id SET DEFAULT nextval('landmarks_id_seq'::regclass);


--
-- Name: members id; Type: DEFAULT; Schema: public; Owner: postgres
--

ALTER TABLE ONLY members ALTER COLUMN id SET DEFAULT nextval('members_id_seq'::regclass);


--
-- Name: park_lists id; Type: DEFAULT; Schema: public; Owner: postgres
--

ALTER TABLE ONLY park_lists ALTER COLUMN id SET DEFAULT nextval('park_lists_id_seq'::regclass);


--
-- Name: photos id; Type: DEFAULT; Schema: public; Owner: postgres
--

ALTER TABLE ONLY photos ALTER COLUMN id SET DEFAULT nextval('photos_id_seq'::regclass);


--
-- Name: posts id; Type: DEFAULT; Schema: public; Owner: postgres
--

ALTER TABLE ONLY posts ALTER COLUMN id SET DEFAULT nextval('posts_id_seq'::regclass);


--
-- Name: ranks id; Type: DEFAULT; Schema: public; Owner: postgres
--

ALTER TABLE ONLY ranks ALTER COLUMN id SET DEFAULT nextval('ranks_id_seq'::regclass);


--
-- Name: survey_photos id; Type: DEFAULT; Schema: public; Owner: postgres
--

ALTER TABLE ONLY survey_photos ALTER COLUMN id SET DEFAULT nextval('survey_photos_id_seq'::regclass);


--
-- Name: surveys id; Type: DEFAULT; Schema: public; Owner: postgres
--

ALTER TABLE ONLY surveys ALTER COLUMN id SET DEFAULT nextval('surveys_id_seq'::regclass);


--
-- Data for Name: categories; Type: TABLE DATA; Schema: public; Owner: postgres
--

COPY categories (id, name, icon_name, permit_flag, created, modified) FROM stdin;
1	トイレ	01_%s.png	0	2018-02-04 22:39:59	2018-02-04 22:39:59
2	多目的	02_%s.png	0	2018-02-04 22:39:59	2018-02-04 22:39:59
3	オムツ台	03_%s.png	0	2018-02-04 22:39:59	2018-02-04 22:39:59
4	滑り台	04_%s.png	0	2018-02-04 22:39:59	2018-02-04 22:39:59
5	ブランコ	05_%s.png	0	2018-02-04 22:39:59	2018-02-04 22:39:59
6	鉄棒	06_%s.png	0	2018-02-04 22:39:59	2018-02-04 22:39:59
7	砂場	07_%s.png	0	2018-02-04 22:39:59	2018-02-04 22:39:59
8	お散歩	08_%s.png	0	2018-02-04 22:39:59	2018-02-04 22:39:59
9	ボール	09_%s.png	0	2018-02-04 22:39:59	2018-02-04 22:39:59
10	お花見	10_%s.png	0	2018-02-04 22:39:59	2018-02-04 22:39:59
11	水遊び	11_%s.png	0	2018-02-04 22:39:59	2018-02-04 22:39:59
12	どんぐり拾い	12_%s.png	0	2018-02-04 22:40:00	2018-02-04 22:40:00
13	芝生	13_%s.png	0	2018-02-04 22:40:00	2018-02-04 22:40:00
15	ベビーカー	14_%s.png	0	\N	\N
\.


--
-- Name: categories_id_seq; Type: SEQUENCE SET; Schema: public; Owner: postgres
--

SELECT pg_catalog.setval('categories_id_seq', 15, true);


--
-- Data for Name: details; Type: TABLE DATA; Schema: public; Owner: postgres
--

COPY details (id, park_list_id, name, value, permit_flag, created, modified) FROM stdin;
1111	2	トイレ	○	1	2018-02-04 22:40:00	2018-02-04 22:40:00
1112	2	多目的	○	1	2018-02-04 22:40:00	2018-02-04 22:40:00
1113	2	オムツ台	○	1	2018-02-04 22:40:00	2018-02-04 22:40:00
1114	2	滑り台	○	1	2018-02-04 22:40:00	2018-02-04 22:40:00
1115	2	砂場	○	1	2018-02-04 22:40:01	2018-02-04 22:40:01
1116	2	お散歩	○	1	2018-02-04 22:40:01	2018-02-04 22:40:01
1117	2	ボール	○	1	2018-02-04 22:40:01	2018-02-04 22:40:01
1118	2	お花見	○	1	2018-02-04 22:40:01	2018-02-04 22:40:01
1119	2	水遊び	○	1	2018-02-04 22:40:01	2018-02-04 22:40:01
1120	2	どんぐり拾い	○	1	2018-02-04 22:40:01	2018-02-04 22:40:01
1121	2	芝生	○	1	2018-02-04 22:40:01	2018-02-04 22:40:01
1122	3	トイレ	○	1	2018-02-04 22:40:02	2018-02-04 22:40:02
1123	3	多目的	○	1	2018-02-04 22:40:02	2018-02-04 22:40:02
1124	3	滑り台	○	1	2018-02-04 22:40:02	2018-02-04 22:40:02
1125	3	ブランコ	○	1	2018-02-04 22:40:02	2018-02-04 22:40:02
1126	3	鉄棒	○	1	2018-02-04 22:40:02	2018-02-04 22:40:02
1127	3	砂場	○	1	2018-02-04 22:40:02	2018-02-04 22:40:02
1128	3	お散歩	○	1	2018-02-04 22:40:02	2018-02-04 22:40:02
1129	3	お花見	○	1	2018-02-04 22:40:02	2018-02-04 22:40:02
1130	3	水遊び	○	1	2018-02-04 22:40:02	2018-02-04 22:40:02
1131	3	どんぐり拾い	○	1	2018-02-04 22:40:02	2018-02-04 22:40:02
1132	7	トイレ	○	1	2018-02-04 22:40:03	2018-02-04 22:40:03
1133	7	お散歩	○	1	2018-02-04 22:40:03	2018-02-04 22:40:03
1134	7	ボール	○	1	2018-02-04 22:40:03	2018-02-04 22:40:03
1135	7	お花見	○	1	2018-02-04 22:40:03	2018-02-04 22:40:03
1136	7	芝生	○	1	2018-02-04 22:40:03	2018-02-04 22:40:03
1137	9	トイレ	○	1	2018-02-04 22:40:03	2018-02-04 22:40:03
1138	9	お散歩	○	1	2018-02-04 22:40:03	2018-02-04 22:40:03
1139	9	ボール	○	1	2018-02-04 22:40:03	2018-02-04 22:40:03
1140	9	お花見	○	1	2018-02-04 22:40:03	2018-02-04 22:40:03
1141	9	どんぐり拾い	○	1	2018-02-04 22:40:03	2018-02-04 22:40:03
1142	40	トイレ	○	1	2018-02-04 22:40:04	2018-02-04 22:40:04
1143	40	滑り台	○	1	2018-02-04 22:40:04	2018-02-04 22:40:04
1144	40	ブランコ	○	1	2018-02-04 22:40:04	2018-02-04 22:40:04
1145	40	砂場	○	1	2018-02-04 22:40:04	2018-02-04 22:40:04
1146	40	お散歩	○	1	2018-02-04 22:40:04	2018-02-04 22:40:04
1147	40	ボール	○	1	2018-02-04 22:40:04	2018-02-04 22:40:04
1148	40	どんぐり拾い	○	1	2018-02-04 22:40:04	2018-02-04 22:40:04
1149	43	トイレ	○	1	2018-02-04 22:40:04	2018-02-04 22:40:04
1150	43	滑り台	○	1	2018-02-04 22:40:05	2018-02-04 22:40:05
1151	43	ブランコ	○	1	2018-02-04 22:40:05	2018-02-04 22:40:05
1152	43	お散歩	○	1	2018-02-04 22:40:05	2018-02-04 22:40:05
1153	45	トイレ	○	1	2018-02-04 22:40:05	2018-02-04 22:40:05
1154	45	多目的	○	1	2018-02-04 22:40:05	2018-02-04 22:40:05
1155	45	滑り台	○	1	2018-02-04 22:40:05	2018-02-04 22:40:05
1156	45	お散歩	○	1	2018-02-04 22:40:05	2018-02-04 22:40:05
1157	46	トイレ	○	1	2018-02-04 22:40:06	2018-02-04 22:40:06
1158	46	滑り台	○	1	2018-02-04 22:40:06	2018-02-04 22:40:06
1159	46	ブランコ	○	1	2018-02-04 22:40:06	2018-02-04 22:40:06
1160	46	砂場	○	1	2018-02-04 22:40:06	2018-02-04 22:40:06
1161	46	お散歩	○	1	2018-02-04 22:40:06	2018-02-04 22:40:06
1162	46	ボール	○	1	2018-02-04 22:40:06	2018-02-04 22:40:06
1163	58	トイレ	○	1	2018-02-04 22:40:07	2018-02-04 22:40:07
1164	58	滑り台	○	1	2018-02-04 22:40:07	2018-02-04 22:40:07
1165	58	ブランコ	○	1	2018-02-04 22:40:07	2018-02-04 22:40:07
1166	58	砂場	○	1	2018-02-04 22:40:07	2018-02-04 22:40:07
1167	58	お散歩	○	1	2018-02-04 22:40:07	2018-02-04 22:40:07
1168	58	ボール	○	1	2018-02-04 22:40:07	2018-02-04 22:40:07
1169	62	トイレ	○	1	2018-02-04 22:40:07	2018-02-04 22:40:07
1170	62	滑り台	○	1	2018-02-04 22:40:07	2018-02-04 22:40:07
1171	62	鉄棒	○	1	2018-02-04 22:40:07	2018-02-04 22:40:07
1172	62	砂場	○	1	2018-02-04 22:40:07	2018-02-04 22:40:07
1173	62	お散歩	○	1	2018-02-04 22:40:08	2018-02-04 22:40:08
1174	62	トイレ	○	1	2018-02-04 22:40:08	2018-02-04 22:40:08
1175	62	滑り台	○	1	2018-02-04 22:40:08	2018-02-04 22:40:08
1176	62	砂場	○	1	2018-02-04 22:40:09	2018-02-04 22:40:09
1177	62	お散歩	○	1	2018-02-04 22:40:09	2018-02-04 22:40:09
1178	62	ボール	○	1	2018-02-04 22:40:09	2018-02-04 22:40:09
1179	62	お花見	○	1	2018-02-04 22:40:09	2018-02-04 22:40:09
1180	67	トイレ	○	1	2018-02-04 22:40:09	2018-02-04 22:40:09
1181	67	滑り台	○	1	2018-02-04 22:40:09	2018-02-04 22:40:09
1182	67	ブランコ	○	1	2018-02-04 22:40:09	2018-02-04 22:40:09
1183	67	お散歩	○	1	2018-02-04 22:40:09	2018-02-04 22:40:09
1184	67	お花見	○	1	2018-02-04 22:40:09	2018-02-04 22:40:09
1185	72	トイレ	○	1	2018-02-04 22:40:09	2018-02-04 22:40:09
1186	72	滑り台	○	1	2018-02-04 22:40:10	2018-02-04 22:40:10
1187	72	ブランコ	○	1	2018-02-04 22:40:10	2018-02-04 22:40:10
1188	72	砂場	○	1	2018-02-04 22:40:10	2018-02-04 22:40:10
1189	72	お散歩	○	1	2018-02-04 22:40:10	2018-02-04 22:40:10
1190	72	ボール	○	1	2018-02-04 22:40:10	2018-02-04 22:40:10
1191	81	滑り台	○	1	2018-02-04 22:40:10	2018-02-04 22:40:10
1192	81	ブランコ	○	1	2018-02-04 22:40:10	2018-02-04 22:40:10
1193	81	お散歩	○	1	2018-02-04 22:40:10	2018-02-04 22:40:10
1194	95	トイレ	○	1	2018-02-04 22:40:11	2018-02-04 22:40:11
1195	95	砂場	○	1	2018-02-04 22:40:11	2018-02-04 22:40:11
1196	95	お散歩	○	1	2018-02-04 22:40:11	2018-02-04 22:40:11
1197	95	お花見	○	1	2018-02-04 22:40:11	2018-02-04 22:40:11
1198	95	どんぐり拾い	○	1	2018-02-04 22:40:11	2018-02-04 22:40:11
1199	100	トイレ	○	1	2018-02-04 22:40:11	2018-02-04 22:40:11
1200	100	滑り台	○	1	2018-02-04 22:40:11	2018-02-04 22:40:11
1201	100	ブランコ	○	1	2018-02-04 22:40:11	2018-02-04 22:40:11
1202	100	砂場	○	1	2018-02-04 22:40:11	2018-02-04 22:40:11
1203	100	お散歩	○	1	2018-02-04 22:40:11	2018-02-04 22:40:11
1204	100	ボール	○	1	2018-02-04 22:40:11	2018-02-04 22:40:11
1205	100	お花見	○	1	2018-02-04 22:40:11	2018-02-04 22:40:11
1206	102	トイレ	○	1	2018-02-04 22:40:12	2018-02-04 22:40:12
1207	102	多目的	○	1	2018-02-04 22:40:12	2018-02-04 22:40:12
1208	102	お散歩	○	1	2018-02-04 22:40:12	2018-02-04 22:40:12
1209	102	ボール	○	1	2018-02-04 22:40:12	2018-02-04 22:40:12
1210	102	お花見	○	1	2018-02-04 22:40:12	2018-02-04 22:40:12
1211	102	どんぐり拾い	○	1	2018-02-04 22:40:12	2018-02-04 22:40:12
1212	124	トイレ	○	1	2018-02-04 22:40:12	2018-02-04 22:40:12
1213	124	多目的	○	1	2018-02-04 22:40:12	2018-02-04 22:40:12
1214	124	オムツ台	○	1	2018-02-04 22:40:12	2018-02-04 22:40:12
1215	124	滑り台	○	1	2018-02-04 22:40:13	2018-02-04 22:40:13
1216	124	お散歩	○	1	2018-02-04 22:40:13	2018-02-04 22:40:13
1217	124	ボール	○	1	2018-02-04 22:40:13	2018-02-04 22:40:13
1218	124	お花見	○	1	2018-02-04 22:40:13	2018-02-04 22:40:13
1219	124	水遊び	○	1	2018-02-04 22:40:13	2018-02-04 22:40:13
1220	124	どんぐり拾い	○	1	2018-02-04 22:40:13	2018-02-04 22:40:13
1221	124	芝生	○	1	2018-02-04 22:40:13	2018-02-04 22:40:13
1222	127	滑り台	○	1	2018-02-04 22:40:13	2018-02-04 22:40:13
1223	127	砂場	○	1	2018-02-04 22:40:13	2018-02-04 22:40:13
1224	127	お散歩	○	1	2018-02-04 22:40:13	2018-02-04 22:40:13
1225	127	お花見	○	1	2018-02-04 22:40:14	2018-02-04 22:40:14
1226	134	トイレ	○	1	2018-02-04 22:40:14	2018-02-04 22:40:14
1227	134	多目的	○	1	2018-02-04 22:40:14	2018-02-04 22:40:14
1228	134	滑り台	○	1	2018-02-04 22:40:14	2018-02-04 22:40:14
1229	134	砂場	○	1	2018-02-04 22:40:14	2018-02-04 22:40:14
1230	134	お散歩	○	1	2018-02-04 22:40:14	2018-02-04 22:40:14
1231	143	トイレ	○	1	2018-02-04 22:40:14	2018-02-04 22:40:14
1232	143	お散歩	○	1	2018-02-04 22:40:14	2018-02-04 22:40:14
1233	143	ボール	○	1	2018-02-04 22:40:15	2018-02-04 22:40:15
1234	143	お花見	○	1	2018-02-04 22:40:15	2018-02-04 22:40:15
1235	143	どんぐり拾い	○	1	2018-02-04 22:40:15	2018-02-04 22:40:15
1236	143	芝生	○	1	2018-02-04 22:40:15	2018-02-04 22:40:15
1237	145	トイレ	x	2	2018-02-04 22:40:15	2018-02-04 22:40:15
1238	145	滑り台	○	1	2018-02-04 22:40:15	2018-02-04 22:40:15
1239	145	お散歩	○	1	2018-02-04 22:40:15	2018-02-04 22:40:15
\.


--
-- Name: details_id_seq; Type: SEQUENCE SET; Schema: public; Owner: postgres
--

SELECT pg_catalog.setval('details_id_seq', 1239, true);


--
-- Data for Name: landmarks; Type: TABLE DATA; Schema: public; Owner: postgres
--

COPY landmarks (id, category, name, lat, lng, point, created, modified) FROM stdin;
1	駅	大崎	35.6197000000000017	139.728553000000005	0101000020E6100000E38C614E5077614065AA605452CF4140	2018-01-12 20:18:21.488176	2018-01-12 20:18:21.488176
2	駅	五反田	35.6264460000000014	139.723444000000001	0101000020E6100000990F087426776140E25AED612FD04140	2018-01-12 20:18:21.509422	2018-01-12 20:18:21.509422
3	駅	目黒	35.6339979999999983	139.715827999999988	0101000020E6100000F4311F10E87661405DDDB1D826D14140	2018-01-12 20:18:21.530331	2018-01-12 20:18:21.530331
4	駅	不動前	35.6256789999999981	139.713405999999992	0101000020E6100000A5D8D138D4766140A165DD3F16D04140	2018-01-12 20:18:21.53483	2018-01-12 20:18:21.53483
5	駅	大崎広小路駅	35.6224690000000024	139.722486000000004	0101000020E61000002CBAF59A1E7761400DE36E10ADCF4140	2018-01-12 20:18:21.551823	2018-01-12 20:18:21.551823
6	駅	北品川	35.6227159999999969	139.73915199999999	0101000020E6100000BC581822A777614014596B28B5CF4140	2018-01-12 20:18:21.566725	2018-01-12 20:18:21.566725
7	駅	新馬場	35.6176200000000023	139.741365999999999	0101000020E6100000B98B3045B977614082AD122C0ECF4140	2018-01-12 20:18:21.592122	2018-01-12 20:18:21.592122
8	駅	青物横丁	35.6093509999999966	139.742905000000007	0101000020E61000001EE1B4E0C57761407764AC36FFCD4140	2018-01-12 20:18:21.629654	2018-01-12 20:18:21.629654
9	駅	天王洲アイル	35.6275329999999997	139.778800999999987	0101000020E6100000F22213F0EB7861409414580053D04140	2018-01-12 20:18:21.644819	2018-01-12 20:18:21.644819
10	駅	品川シーサイド	35.6097150000000013	139.749687999999992	0101000020E61000008446B071FD776140B97020240BCE4140	2018-01-12 20:18:21.684518	2018-01-12 20:18:21.684518
11	駅	大井町	35.6062489999999983	139.73485500000001	0101000020E6100000AB09A2EE83776140C91D369199CD4140	2018-01-12 20:18:21.689811	2018-01-12 20:18:21.689811
12	駅	鮫洲	35.6051440000000028	139.742547000000002	0101000020E6100000C617EDF1C277614071AFCC5B75CD4140	2018-01-12 20:18:21.697952	2018-01-12 20:18:21.697952
13	駅	立会川	35.5984529999999992	139.73880299999999	0101000020E6100000F9653046A4776140B7989F1B9ACC4140	2018-01-12 20:18:21.706793	2018-01-12 20:18:21.706793
14	駅	大森海岸	35.5876949999999965	139.735465000000005	0101000020E6100000494BE5ED88776140E882FA9639CB4140	2018-01-12 20:18:21.711777	2018-01-12 20:18:21.711777
15	駅	大井競馬場	35.5950589999999991	139.747094000000004	0101000020E61000003621AD31E87761406118B0E42ACC4140	2018-01-12 20:18:21.727306	2018-01-12 20:18:21.727306
16	駅	西大井	35.6017989999999998	139.721812	0101000020E610000088BB7A1519776140FCE1E7BF07CD4140	2018-01-12 20:18:21.753877	2018-01-12 20:18:21.753877
17	駅	下神明	35.6088510000000014	139.726242000000013	0101000020E61000006ADFDC5F3D77614086915ED4EECD4140	2018-01-12 20:18:21.777052	2018-01-12 20:18:21.777052
18	駅	戸越公園	35.6087950000000006	139.71805599999999	0101000020E61000004A969350FA766140F27B9BFEECCD4140	2018-01-12 20:18:21.787123	2018-01-12 20:18:21.787123
19	駅	中延	35.6054790000000025	139.713679000000013	0101000020E6100000F29A5775D676614018B5FB5580CD4140	2018-01-12 20:18:21.806664	2018-01-12 20:18:21.806664
20	駅	荏原町	35.6037820000000025	139.707809999999995	0101000020E610000004392861A6766140EDF483BA48CD4140	2018-01-12 20:18:21.811651	2018-01-12 20:18:21.811651
21	駅	旗の台	35.6048479999999969	139.702496999999994	0101000020E61000003811FDDA7A7661408786C5A86BCD4140	2018-01-12 20:18:21.816114	2018-01-12 20:18:21.816114
22	駅	荏原中延	35.6099529999999973	139.711953999999992	0101000020E61000003448C153C87661406D8C9DF012CE4140	2018-01-12 20:18:21.823935	2018-01-12 20:18:21.823935
23	駅	戸越銀座	35.6160080000000008	139.715032000000008	0101000020E6100000FEF2C98AE17661408509A359D9CE4140	2018-01-12 20:18:21.854278	2018-01-12 20:18:21.854278
24	駅	戸越	35.6147190000000009	139.716397999999998	0101000020E61000006F9D7FBBEC7661406B9DB81CAFCE4140	2018-01-12 20:18:21.874971	2018-01-12 20:18:21.874971
25	駅	武蔵小山	35.6205070000000035	139.704412999999988	0101000020E610000012BC218D8A76614034F8FBC56CCF4140	2018-01-12 20:18:21.891245	2018-01-12 20:18:21.891245
26	駅	西小山	35.6156849999999991	139.69886600000001	0101000020E61000002AC93A1C5D766140A2D11DC4CECE4140	2018-01-12 20:18:21.896059	2018-01-12 20:18:21.896059
\.


--
-- Name: landmarks_id_seq; Type: SEQUENCE SET; Schema: public; Owner: postgres
--

SELECT pg_catalog.setval('landmarks_id_seq', 26, true);


--
-- Data for Name: members; Type: TABLE DATA; Schema: public; Owner: postgres
--

COPY members (id, name, txt1, txt2, txt3, int1, int2, int3, created, modified) FROM stdin;
\.


--
-- Name: members_id_seq; Type: SEQUENCE SET; Schema: public; Owner: postgres
--

SELECT pg_catalog.setval('members_id_seq', 1, false);


--
-- Data for Name: park_lists; Type: TABLE DATA; Schema: public; Owner: postgres
--

COPY park_lists (id, kind, number, park_name, park_name_rm, controller, address, start_date, area, size, description, toillet, url, latitude, longitude, point, created, modified) FROM stdin;
1	区立公園	1	権現山公園	ごんげんやま	品川1	北品川3-9-5	1932-10-01	4244.86999999999989	\N	江戸時代の桜の名所・御殿山に連なる高台（権現山）に位置する細長い公園。様々な遊具が置かれた遊戯ゾーンと桜の木を中心とした林のゾーンに分かれている。	あり		35.6188000000000002	139.738	0101000020E6100000560E2DB29D776140E561A1D634CF4140	2017-11-05 03:18:40	2017-11-03 15:00:00
4	区立公園	4	聖蹟公園	せいせき	品川1	北品川2-7-21	1938-11-05	2359.05000000000018	\N	区の史跡「東海道品川宿本陣跡」としての歴史性を重んじた公園。園内随所に、当時を彷彿させる遊具や舗装、トイレ等が設置されている。	あり		35.6189999999999998	139.744	0101000020E61000002B8716D9CE776140AC1C5A643BCF4140	2017-11-05 03:18:40	2017-11-03 15:00:00
5	区立公園	5	平塚公園	ひらつか	荏原3	荏原4-5-2	1939-05-20	717.460000000000036	\N	都道補助26号線沿いにある細長い公園。荏原平塚総合区民会館「スクエア荏原」の前庭と一体的に整備されている。	なし		35.6158000000000001	139.707999999999998	0101000020E61000002DB29DEFA77661403B70CE88D2CE4140	2017-11-05 03:18:40	2017-11-03 15:00:00
6	区立公園	6	東品川公園	ひがししながわ	品川2	東品川3-14-9	1941-12-20	9012.67000000000007	\N	一般的公園機能に加え交通公園、運動公園の機能を併せ持つ、地域の核となる公園。身障者用トイレや車椅子で遊べる遊具等、障害者への配慮が数多くなされている。	あり		35.6143000000000001	139.746000000000009	0101000020E61000001D5A643BDF77614066F7E461A1CE4140	2017-11-05 03:18:40	2017-11-03 15:00:00
8	区立公園	8	大井海岸公園	おおいかいがん	大井1	南大井3-27-5	1949-06-01	1180.05999999999995	\N	四方を道路に囲まれた標準的な公園で、様々な遊具や休養施設が置かれている。トイレの壁面にタイルでロボットの絵が描かれている。通称「ロボット公園」	あり		35.5884	139.734000000000009	0101000020E6100000736891ED7C776140B37BF2B050CB4140	2017-11-05 03:18:40	2017-11-03 15:00:00
10	区立公園	10	大井水神公園	おおいすいじん	大井1	南大井6-15-2	1952-04-22	12856.5	\N	東海道線沿いの細長い公園で、道路により３つの区域に分かれている。道路側が歩道と一体的な歩行空間として整備されている。	あり		35.5919000000000025	139.72999999999999	0101000020E61000008FC2F5285C7761404F401361C3CB4140	2017-11-05 03:18:40	2017-11-03 15:00:00
11	区立公園	11	天王洲公園	てんのうず	品川1	東品川2-6-23	1953-10-30	30042.2000000000007	\N	野球、サッカー等様々なスポーツを行える多目的広場（人工芝）が敷地の大部分を占める特殊な公園で、天王洲再開発地区の端部に位置するため周囲の夜景が美しい。	あり		35.620199999999997	139.75	0101000020E61000000000000000786140567DAEB662CF4140	2017-11-05 03:18:40	2017-11-03 15:00:00
12	区立公園	12	五反田南公園	ごたんだみなみ	大崎1	東五反田2-1-14	1955-03-01	519.240000000000009	\N	目黒川沿いの低地にある公園で、幼児向け遊具と休養施設が置かれている。	なし		35.6246999999999971	139.724999999999994	0101000020E61000003333333333776140D5E76A2BF6CF4140	2017-11-05 03:18:40	2017-11-03 15:00:00
13	区立公園	13	小山台公園	こやまだい	荏原1	小山台2-2-1	1955-10-15	4273.89000000000033	\N	高低差のある３つの部分からなる公園で、様々な年齢層の人の利用に対応できる施設を備えている。全体に緑陰が豊かで、公園下段部から北東側は散策路になっている。	あり		35.625	139.698000000000008	0101000020E610000075931804567661400000000000D04140	2017-11-05 03:18:40	2017-11-03 15:00:00
14	区立公園	15	鈴ヶ森公園	すずがもり	大井1	南大井4-18-14	1960-02-29	3068.67999999999984	\N	休憩、幼児向け遊戯、児童向け遊戯の３つのゾーンに分かれた中規模の公園。何本ものケヤキの大木が緑陰を作っている。	あり		35.5934000000000026	139.735000000000014	0101000020E6100000EC51B81E8577614024B9FC87F4CB4140	2017-11-05 03:18:40	2017-11-03 15:00:00
15	区立公園	16	大井駅前公園	おおいえきまえ	大井2	大井1-2-5	1963-06-04	348.519999999999982	\N	JR大井町駅南側の線路沿いにある細長い公園。歩道と一体的に整備されているため緑道的性格が強い。	あり		35.6052000000000035	139.735000000000014	0101000020E6100000EC51B81E8577614005C58F3177CD4140	2017-11-05 03:18:40	2017-11-03 15:00:00
16	区立公園	17	鮫洲運動公園	さめずうんどう	大井1	東大井1-4-11	1964-10-05	14190.7000000000007	\N	京浜急行鮫洲駅東側にある、地域の核となる公園。園内北半分は子供のアイデアを取り入れた様々な遊具が置かれた遊戯ゾーン、南は少年野球用バックネットの設置された人工芝の多目的広場になっている。	あり		35.6060999999999979	139.745000000000005	0101000020E6100000A4703D0AD7776140840D4FAF94CD4140	2017-11-05 03:18:40	2017-11-03 15:00:00
17	区立公園	18	大井公園	おおい	大井1	東大井4-3-18	1965-04-01	9074.84000000000015	\N	地域の核となる公園で、急坂をはさんで南北に分かれている。南側部分は高低差を生かした遊戯・休憩型の公園で緑陰が豊か。北側は多目的広場になっている。	あり		35.6051000000000002	139.741000000000014	0101000020E6100000C1CAA145B6776140A167B3EA73CD4140	2017-11-05 03:18:40	2017-11-03 15:00:00
18	区立公園	19	東大井公園	ひがしおおい	大井1	東大井3-4-4	1966-04-01	4680	\N	木の芽坂の南側にある開放的な雰囲気の公園。園内中央の広々とした広場空間を囲むように遊戯ゾーンと散策路がある。園内南側にある巨大な滑り台が公園のシンボル。	あり		35.603900000000003	139.739000000000004	0101000020E6100000CFF753E3A5776140F7065F984CCD4140	2017-11-05 03:18:40	2017-11-03 15:00:00
19	区立公園	20	大井中央公園	おおいちゅうおう	大井2	大井1-46-8	1966-04-01	1650.1099999999999	\N	大井町駅の南西側にある遊具中心の公園で、傾斜地にあるため二段に分かれている。メイン入口部の石を基調にした修景と、上下両段に跨る大型木製遊具が特徴的。	あり		35.6045000000000016	139.731999999999999	0101000020E61000008195438B6C7761404C37894160CD4140	2017-11-05 03:18:40	2017-11-03 15:00:00
249	防災広場	35	ほうさん広場	ほうさんひろば	荏原5	豊町3-4-2	2013-04-13	292.329999999999984	\N		なし		35.6086000000000027	139.721000000000004	0101000020E6100000508D976E127761403D2CD49AE6CD4140	2017-11-05 03:18:40	2017-11-03 15:00:00
7	区立公園	7	荏原南公園	えばらみなみ	荏原2	荏原6-16-4	1943-03-30	3327.42999999999984	中	芝生にウッドデッキにゆるやかなスロープ、程よい高さの階段と乳児が探索を満喫できる広場。目黒川の四季折々も楽しる。桜の時期は桜はもちろん、舟の往来も多く楽しさ倍増。	あり		35.6114000000000033	139.703000000000003	0101000020E6100000D122DBF97E7661402063EE5A42CE4140	2017-11-05 03:18:40	2018-02-04 22:40:02
20	区立公園	21	東八ツ山公園	ひがしやつやま	品川1	北品川1-15-11	1966-11-30	1456.34999999999991	\N	品川区と港区にまたがる公園。品川区部分は、主に多目的広場となっており、その一角にクジラをイメージした遊具が置かれている。	あり		35.6248000000000005	139.742999999999995	0101000020E6100000B29DEFA7C677614039454772F9CF4140	2017-11-05 03:18:40	2017-11-03 15:00:00
192	児童遊園	58	大崎５丁目児童遊園	おおさきごちょうめ	大崎2	大崎5-8-5	1983-08-16	97	\N	すぐ横を通る電車のスピードや音に子どもたちが大興奮する公園。すべり台の上、ブランコに乗りながらと遊びながら電車を楽しめるのが魅力。ボールあそびや思いきり走れるスペースもある。	なし		35.6219999999999999	139.724999999999994	0101000020E61000003333333333776140560E2DB29DCF4140	2017-11-05 03:18:40	2017-11-03 15:00:00
21	区立公園	22	鮫浜公園	さめはま	大井1	東大井2-2-3	1967-12-09	542.259999999999991	\N	京浜急行鮫洲駅の南側にある遊具主体の小公園で、ケヤキの大木が公園のシンボルになっている。通りの反対側に保育園があるため、幼児の利用率が高い	なし		35.6030000000000015	139.74199999999999	0101000020E610000039B4C876BE77614077BE9F1A2FCD4140	2017-11-05 03:18:40	2017-11-03 15:00:00
22	区立公園	23	品川浦公園	しながわうら	品川1	東品川1-7-17	1969-02-23	472.54000000000002	\N	八ツ山通りの歩道部沿いにある細長い公園。隣接する利田(かがた)神社にある｢鯨塚｣にちなんで、クジラのモニュメントが設置されている。	あり		35.6212000000000018	139.74199999999999	0101000020E610000039B4C876BE7761403A234A7B83CF4140	2017-11-05 03:18:40	2017-11-03 15:00:00
23	区立公園	24	大井坂下公園	おおいさかした	大井1	南大井6-23-11	1969-03-11	2329.36999999999989	\N	JR大森駅の東側にある、遊戯ゾーンと多目的広場からなる公園。遊戯ゾーン内にある石の山の滑り台が公園のシンボル。南側接道部は歩道と一体的に整備されている。	あり		35.5893999999999977	139.730999999999995	0101000020E610000008AC1C5A6477614096218E7571CB4140	2017-11-05 03:18:40	2017-11-03 15:00:00
24	区立公園	26	荏原中央公園	えばらちゅうおう	荏原2	荏原5-1-2	1969-03-31	1140.88000000000011	\N	地域の遊びの核となる公園で、大型複合遊具を中心に幼児から高学年の児童までが遊べる多彩な遊具が設置されている。3本のケヤキの大木が公園のシンボル。	あり		35.6158000000000001	139.704000000000008	0101000020E61000004A0C022B877661403B70CE88D2CE4140	2017-11-05 03:18:40	2017-11-03 15:00:00
25	区立公園	27	東海公園	とうかい	品川2	東品川3-29-6	1969-03-31	762.529999999999973	\N	東海中学校の北側にある都営住宅の前庭的な公園。周囲より若干高くなった敷地内には適度に高木が点在し、その間に一般的な遊具が置かれている。	なし		35.6129999999999995	139.748999999999995	0101000020E61000008716D9CEF77761405839B4C876CE4140	2017-11-05 03:18:40	2017-11-03 15:00:00
26	区立公園	28	品海公園	ひんかい	品川1	北品川1-30-9	1969-03-31	545	\N	旧東海道品川宿の雰囲気をもつ広場的な上段と、目黒川旧河口（八ツ山通り）に面した遊戯ゾーンの下段を貝殻が埋め込まれた園路で結んだ細長い公園。	あり		35.620199999999997	139.74199999999999	0101000020E610000039B4C876BE776140567DAEB662CF4140	2017-11-05 03:18:40	2017-11-03 15:00:00
27	区立公園	29	北品川公園	きたしながわ	品川1	北品川2-12-5	1969-03-31	526.110000000000014	\N	旧東海道を脇道に入った所にある標準的な遊戯型公園。ヒコーキ型の鉄製大型遊具が公園のシンボルになっている。	なし		35.6188000000000002	139.74199999999999	0101000020E610000039B4C876BE776140E561A1D634CF4140	2017-11-05 03:18:40	2017-11-03 15:00:00
28	区立公園	30	金子山公園	かねこやま	大井3	西大井4-11-6	1969-03-31	309.230000000000018	\N	西大井本通りから脇道に入った所にある遊戯型公園。園内は標準的な遊具が設置されており、最奥部はパーゴラとベンチが整然と置かれた休憩ゾーンになっている。	なし		35.595799999999997	139.721000000000004	0101000020E6100000508D976E12776140787AA52C43CC4140	2017-11-05 03:18:40	2017-11-03 15:00:00
29	区立公園	31	東海第二公園	とうかいだいに	品川2	東品川3-17-15	1970-03-20	361.129999999999995	\N	天王洲通り沿いにある細長い遊戯型公園で、接道部に設けられた目隠しフェンスが道路と公園を明確に分けている。植込地にあるツツジやツゲの刈込みが美しい。	なし		35.6143000000000001	139.75	0101000020E6100000000000000078614066F7E461A1CE4140	2017-11-05 03:18:40	2017-11-03 15:00:00
30	区立公園	32	子供の森公園	こどものもり	品川1	北品川3-10-13	1970-03-25	7606.77000000000044	\N	子供専用野球場と遊戯ゾーンからなる遊戯型公園。遊戯ゾーンは恐竜の森をモチーフに整備され、ＦＲＰ小動物を含め９基の恐竜像が置かれている。	あり	http://www.city.shinagawa.tokyo.jp/hp/menu000000400/hpg000000346.htm	35.6165999999999983	139.738	0101000020E6100000560E2DB29D776140575BB1BFECCE4140	2017-11-05 03:18:40	2017-11-03 15:00:00
31	区立公園	34	新浜川公園	しんはまかわ	大井1	東大井2-26-18	1970-03-31	1305.56999999999994	\N	道路をはさみ南北に分かれた公園で、北側は遊具主体に、南側は多目的広場を中心に整備されている。通称「クジラ公園」	あり		35.5977999999999994	139.741000000000014	0101000020E6100000C1CAA145B67761403FC6DCB584CC4140	2017-11-05 03:18:40	2017-11-03 15:00:00
32	区立公園	35	上大崎公園	かみおおさき	大崎1	上大崎1-3-13	1970-11-04	377.110000000000014	\N	JR目黒駅の北東にある遊戯型の小公園。高低差を利用し、西洋の城をモチーフにした複合遊具がシンボル。	なし		35.6345000000000027	139.722000000000008	0101000020E6100000C976BE9F1A776140F0A7C64B37D14140	2017-11-05 03:18:40	2017-11-03 15:00:00
33	区立公園	36	そよかぜ公園	そよかぜ	大崎2	西品川2-17-8	1971-02-07	748.049999999999955	\N	区役所の北西に位置する遊戯型の公園で、木製複合遊具等いくつかの遊具が置かれている。公園の入口脇にはトーテムポールが立っている。	あり		35.6118999999999986	139.727000000000004	0101000020E6100000250681954377614011363CBD52CE4140	2017-11-05 03:18:40	2017-11-03 15:00:00
34	区立公園	37	わかくさ公園	わかくさ	大井1	勝島1-6-1	1971-03-31	1238.25999999999999	\N	勝島地域内にある一般的な遊具主体の公園。園内中央にある和風の城をモチーフにした遊具が公園のシンボルで、それに合わせた和風のトイレも設置されている。なお、当公園は国有地の無償貸付を受けている。	あり		35.5981000000000023	139.744	0101000020E61000002B8716D9CE7761406ADE718A8ECC4140	2017-11-05 03:18:40	2017-11-03 15:00:00
35	区立公園	38	希望ヶ丘公園	きぼうがおか	大崎1	上大崎3-10-25	1971-03-31	635.409999999999968	\N	JR目黒駅の南東にある遊戯型の小公園。敷地の一部が急傾斜地になっているため、園内には土留擁壁が作られており、傾斜地の途中まで階段で登っていける。	あり		35.6317000000000021	139.717999999999989	0101000020E6100000E5D022DBF97661400D71AC8BDBD04140	2017-11-05 03:18:40	2017-11-03 15:00:00
36	区立公園	39	東品川一丁目公園	ひがししながわいちちょうめ	品川1	東品川1-2-11	1971-04-01	629.590000000000032	\N	都営住宅の前庭的な公園。あまり多くの施設を置かず、開放的な広場型公園として整備されている。	あり		35.6225999999999985	139.744	0101000020E61000002B8716D9CE776140AB3E575BB1CF4140	2017-11-05 03:18:40	2017-11-03 15:00:00
205	児童遊園	71	宮前坂広場	みやまえさかひろば	荏原2	戸越2-6-36	2002-04-24	165.509999999999991	\N	宮前坂の途中にあるポケットパーク型の小さな児童遊園。まちづくりの一環として整備された。	なし		35.6141000000000005	139.719999999999999	0101000020E6100000D7A3703D0A7761409F3C2CD49ACE4140	2017-11-05 03:18:40	2017-11-03 15:00:00
257	水辺広場	4	天王洲アイル第四水辺広場	てんのうずあいるだいよん	品川1	東品川2-4-3地先	1997-06-10	211	\N		なし		35.6189999999999998	139.751000000000005	0101000020E610000079E9263108786140AC1C5A643BCF4140	2017-11-05 03:18:40	2017-11-03 15:00:00
38	区立公園	41	西中延公園	にしなかのぶ	荏原3	西中延2-7-14	1972-02-14	345.089999999999975	\N	表通りから細い路地を入った所にある、幼児向け遊具中心に整備された公園。木の切り株をイメージした擬木づくりの砂場がユニーク。	なし		35.6105000000000018	139.709000000000003	0101000020E6100000A69BC420B0766140A01A2FDD24CE4140	2017-11-05 03:18:40	2017-11-03 15:00:00
39	区立公園	42	戸越台公園	とごしだい	荏原3	戸越1-7-17	1972-03-28	461.569999999999993	\N	戸越台中学校北側の住宅地の中にある遊具中心の公園。敷地が周囲の道路より高くなっているため、メインの入口が洋風の階段状になっている。	あり		35.616100000000003	139.717999999999989	0101000020E6100000E5D022DBF97661406688635DDCCE4140	2017-11-05 03:18:40	2017-11-03 15:00:00
41	区立公園	44	旗の台公園	はたのだい	荏原2	旗の台5-19-9	1972-03-31	753.700000000000045	\N	周囲に比べ敷地が高いため接道部が擁壁になっている遊戯型の公園で、接道部に沿って大きな桜が植えられている。珍しい巨大なすり鉢状の遊具も設置されている。	なし		35.6039999999999992	139.699999999999989	0101000020E610000066666666667661405A643BDF4FCD4140	2017-11-05 03:18:40	2017-11-03 15:00:00
44	区立公園	47	横丁公園	よこちょう	品川2	南品川5-4-9	1972-11-27	681.779999999999973	\N	京浜急行青物横丁駅近くにある公園で、複合遊具を中心とした遊戯ゾーンとフェンスに囲まれた小広場からなる。入口脇にある2本のケヤキが公園のシンボル。	あり		35.6105000000000018	139.74199999999999	0101000020E610000039B4C876BE776140A01A2FDD24CE4140	2017-11-05 03:18:40	2017-11-03 15:00:00
47	区立公園	51	旗の台南公園	はたのだいみなみ	荏原4	旗の台5-11-11	1973-03-28	934.019999999999982	\N	カナリヤ坂の途中にある公園で、高低差により三段に分かれている。上段と中段には個性的な遊具が整備されており、下段は広場的な憩いの場になっている。なお、当公園は一部、国有地の無償貸付を受けている。	あり		35.6037999999999997	139.703000000000003	0101000020E6100000D122DBF97E76614093A9825149CD4140	2017-11-05 03:18:40	2017-11-03 15:00:00
48	区立公園	52	原っぱ公園	はらっぱ	大井3	西大井6-1-14	1973-03-31	2310	\N	立会道路沿いにある中規模の遊戯型公園。園内は遊戯、築山、多目的広場の３つのゾーンに分かれており、植栽を施され園路を巡る築山ゾーンはユニーク。	あり		35.6011999999999986	139.715000000000003	0101000020E61000007B14AE47E1766140772D211FF4CC4140	2017-11-05 03:18:40	2017-11-03 15:00:00
49	区立公園	53	中原公園	なかはら	荏原1	小山1-4-4	1973-03-31	419.70999999999998	\N	桐ヶ谷通りをわき道に入った所にある公園で、保育園が隣接しているため幼児向けの遊具中心に整備されている。入口の一方は坂道に面し、もう一方は階段になっている。	なし		35.6218999999999966	139.711999999999989	0101000020E6100000105839B4C8766140F2B0506B9ACF4140	2017-11-05 03:18:40	2017-11-03 15:00:00
50	区立公園	54	宮下公園	みやした	大井2	大井2-7-16	1973-03-31	384.829999999999984	\N	立会道路から脇道に入った先の緩やかな坂に面した公園。園内は標準的な遊戯型公園として整備されており、中央にあるスチール製複合遊具が公園のシンボル的存在。	なし		35.6052000000000035	139.728000000000009	0101000020E61000009EEFA7C64B77614005C58F3177CD4140	2017-11-05 03:18:40	2017-11-03 15:00:00
51	区立公園	55	東中延公園	ひがしなかのぶ	荏原4	東中延2-10-2	1973-12-16	583.5	\N	ワークショップ方式（住民参加）を用いて設計された公園。入口の舗装面にはイルカが描かれており、遊具はらせん状のすべり台がある複合遊具がシンボル的存在。	あり		35.6069000000000031	139.712999999999994	0101000020E6100000894160E5D0766140A1F831E6AECD4140	2017-11-05 03:18:40	2017-11-03 15:00:00
52	区立公園	56	中原東公園	なかはらひがし	荏原1	荏原1-21-9	1973-01-16	348.050000000000011	\N	新旧の中原街道に挟まれた地域にある、幼児向けの遊具と休憩施設を中心とした小公園。周囲にオフィスビルが多いため、昼休みのサラリーマンの利用も多い。	なし		35.6186000000000007	139.715000000000003	0101000020E61000007B14AE47E17661401EA7E8482ECF4140	2017-11-05 03:18:40	2017-11-03 15:00:00
53	区立公園	57	浜川公園	はまかわ	大井1	南大井4-8-22	1974-01-30	4388.36999999999989	\N	遊戯ゾーン、多目的広場、築山、桜並木等多様な要素を備えた公園で、接道部は歩道として整備されている。正面ゲート周辺で銀河をモチーフに光の演出を行っている。	あり		35.5972000000000008	139.73599999999999	0101000020E6100000643BDF4F8D776140EA95B20C71CC4140	2017-11-05 03:18:40	2017-11-03 15:00:00
54	区立公園	58	滝王子公園	たきおうじ	大井3	大井5-19-5	1974-02-23	981.779999999999973	\N	滝王子稲荷の東側にある細長い公園。園内は高低差により３つのゾーンに分かれ、上から幼児向けゾーン、多目的広場、エントランスゾーンとして整備されている。	なし		35.598399999999998	139.729000000000013	0101000020E610000017D9CEF75377614094F6065F98CC4140	2017-11-05 03:18:40	2017-11-03 15:00:00
55	区立公園	59	洲崎公園	すさき	品川1	東品川1-36-15	1974-03-31	1264.59999999999991	\N	目黒川河口近くにある公園で、園内は遊戯ゾーンと多目的広場に分かれている。遊戯ゾーンは滑り台を中心に整備され、桜が春になると美しい。	あり		35.6180000000000021	139.746000000000009	0101000020E61000001D5A643BDF776140C976BE9F1ACF4140	2017-11-05 03:18:40	2017-11-03 15:00:00
56	区立公園	60	敬老公園	けいろう	品川2	東品川3-32-8	1974-03-31	1083.19000000000005	\N	都営住宅や文化センター、シルバーセンターに隣接するため、それら施設の前庭的性格をもつ公園。園内は植栽や休憩施設を主体に整備されている。	あり		35.6126000000000005	139.75	0101000020E61000000000000000786140CAC342AD69CE4140	2017-11-05 03:18:40	2017-11-03 15:00:00
45	区立公園	48	小山台東公園	こやまだいひがし	荏原1	小山台1-26-12	1973-01-16	630.299999999999955	中	坂道の途中にある高低さの大きい公園。大きな滑り台は上り方も下り方も子どもたちの思いつくままに♪寄り道しながらゆっくり階段を上ってはお母さんと一緒に滑ってをくりかえし楽しめる。	あり		35.6223000000000027	139.705999999999989	0101000020E61000003BDF4F8D977661408126C286A7CF4140	2017-11-05 03:18:40	2018-02-04 22:40:05
46	区立公園	49	二日市公園	ふつかいち	品川2	南品川6-7-15	1973-03-02	2137.78999999999996	小	2段に重なっている珍しい滑り台があり、お母さんやお父さんの抱っこでのんびり遊べる小さな公園。8:00～17:00と開園時間が決まっていて安心。不定期でフリーマーケットも開催されている。	あり		35.6114000000000033	139.739000000000004	0101000020E6100000CFF753E3A57761402063EE5A42CE4140	2017-11-05 03:18:40	2018-02-04 22:40:06
59	区立公園	64	荏原町公園	えばらちょう	荏原4	中延5-14-5	1976-03-19	897.139999999999986	\N	大井町線荏原町駅の南東にある広場型公園。ゲートボールのできる広場や健康遊具等があり、高齢者を含む大人の利用を主眼において整備されている。	あり		35.6022000000000034	139.709000000000003	0101000020E6100000A69BC420B07661405BD3BCE314CD4140	2017-11-05 03:18:40	2017-11-03 15:00:00
222	防災広場	8	中延三丁目特定児童遊園	なかのぶさんちょうめ	荏原4	中延3-9-2	1993-04-01	396.310000000000002	\N		なし		35.6077000000000012	139.711000000000013	0101000020E6100000986E1283C0766140BDE3141DC9CD4140	2017-11-05 03:18:40	2017-11-03 15:00:00
57	区立公園	62	西八丁公園	にしはっちょう	大崎1	西五反田8-11-4	1974-10-19	521.779999999999973	\N	石の大きな滑り台をすべるとお隣の道に到着するおもしろい公園。滑り台の上り方もいくつかあり、ヨチヨチ歩きたい年頃にも魅力的。秋頃は風が舞うので落ち葉あそびが楽しみやすい。	あり		35.6197999999999979	139.718999999999994	0101000020E61000005EBA490C02776140C8073D9B55CF4140	2017-11-05 03:18:40	2017-11-03 15:00:00
60	区立公園	65	浜川北公園	はまかわきた	大井1	東大井3-26-6	1976-03-19	410.899999999999977	\N	京浜急行立会川駅から第一京浜国道を越えた先にある遊具中心の公園。園内南西側が築山状になっており、高低差を利用した滑り台や複合遊具が設置されている。	なし		35.5992000000000033	139.738	0101000020E6100000560E2DB29D776140B1E1E995B2CC4140	2017-11-05 03:18:40	2017-11-03 15:00:00
61	区立公園	66	桐畑公園	きりはた	大井1	南大井6-1-17	1976-03-25	418	\N	都営住宅建設に伴い整備された、コの字型の遊戯型小公園。砂場内にあるライオン、カメ、ウサギの置き物や通路部分に設置されたバラのアーチがユニーク。	なし		35.5930999999999997	139.731999999999999	0101000020E61000008195438B6C776140F9A067B3EACB4140	2017-11-05 03:18:40	2017-11-03 15:00:00
241	防災広場	27	中二さくらひろば	なかに	荏1	中延2-9-18	2010-04-16	179.189999999999998	\N		なし		35.6103999999999985	139.711000000000013	0101000020E6100000986E1283C07661403CBD529621CE4140	2017-11-05 03:18:40	2017-11-03 15:00:00
63	区立公園	68	荏三公園	えさん	荏原1	荏原3-3-10	1977-01-22	777.590000000000032	\N	東急目黒線武蔵小山駅の東にある公園。敷地の大部分を広場が占めており、その東側にちいさな遊戯ゾーンがある。広場、遊戯ゾーン共にアスファルト舗装されている。	なし		35.6180999999999983	139.706999999999994	0101000020E6100000B4C876BE9F7661402CD49AE61DCF4140	2017-11-05 03:18:40	2017-11-03 15:00:00
64	区立公園	69	西の森公園	にしのもり	大井3	西大井4-2-1	1977-03-26	368.660000000000025	\N	JR西大井駅南側の閑静な住宅街の中にある公園で、区道をはさんで大井第三地域センターに隣接している。園内は遊戯型公園としてコンパクトに整備されている。	なし		35.5975999999999999	139.721000000000004	0101000020E6100000508D976E12776140780B24287ECC4140	2017-11-05 03:18:40	2017-11-03 15:00:00
65	区立公園	70	浅間台公園	あさまだい	品川2	南品川6-18-19	1977-03-28	617.809999999999945	\N	大井町駅東口すずらん通り商店街の中にある遊戯型公園。幅の狭い入口部の奥に遊戯ゾーンがあり、標準的な遊具が設置されている。	あり		35.6084000000000032	139.736999999999995	0101000020E6100000DD2406819577614076711B0DE0CD4140	2017-11-05 03:18:40	2017-11-03 15:00:00
66	区立公園	71	関ヶ原公園	せきがはら	大井1	東大井6-12-21	1978-04-10	536.049999999999955	\N	立会川緑道沿いにある公園で、接道部は緑道と一体的な休憩ゾーンに、園内は幼児向け遊戯ゾーンになっている。公園前の立会川緑道には親水施設が整備されている。	あり		35.6021000000000001	139.73599999999999	0101000020E6100000643BDF4F8D776140F775E09C11CD4140	2017-11-05 03:18:40	2017-11-03 15:00:00
68	区立公園	73	平塚中央公園	ひらつかちゅうおう	荏原3	平塚2-2-12	1978-04-10	1325.55999999999995	\N	首都高速2号線戸越出口と荏原出口の間にある遊戯型公園。樹木の点在する園内には、小広場や多様な遊具が設置されている。	あり		35.6184999999999974	139.717000000000013	0101000020E61000006DE7FBA9F1766140BA490C022BCF4140	2017-11-05 03:18:40	2017-11-03 15:00:00
69	区立公園	74	北浜公園	きたはま	品川1	北品川2-28-12	1978-04-10	1795.36999999999989	\N	新品川橋の北側にあり、自己責任で、火起しや泥んこ遊び、木登りといった自由な遊びができる区内で初めてのプレイパークとして再整備された公園。	あり	http://www.city.shinagawa.tokyo.jp/hp/menu000000400/hpg000000348.htm	35.6174999999999997	139.745000000000005	0101000020E6100000A4703D0AD7776140D7A3703D0ACF4140	2017-11-05 03:18:40	2017-11-03 15:00:00
70	区立公園	75	荏原西公園	えばらにし	荏原2	荏原6-5-5	1978-11-01	365.339999999999975	\N	荏原西区民集会所の近くにある遊戯型の小公園。園内には動物型のスプリング遊具が設置されている。	なし		35.6135000000000019	139.705000000000013	0101000020E6100000C3F5285C8F7661404A0C022B87CE4140	2017-11-05 03:18:40	2017-11-03 15:00:00
71	区立公園	76	大原公園	おおはら	荏原4	戸越6-14-1	1979-03-24	407.279999999999973	\N	第二京浜国道と東急大井町線の高架にはさまれた所にある遊戯型の小公園。公園の大井町線高架側は、遮へい効果を高めるため高木が密に植えられている。	あり		35.6069999999999993	139.713999999999999	0101000020E6100000022B8716D976614004560E2DB2CD4140	2017-11-05 03:18:40	2017-11-03 15:00:00
73	区立公園	78	広町公園	ひろまち	品川2	広町1-3-30	1979-03-31	169.810000000000002	\N	広町一丁目工場アパート群の最奥部にある小公園。園内は休憩施設中心に整備されており、遊具は鉄棒のみ設置されている。	なし		35.6122999999999976	139.735000000000014	0101000020E6100000EC51B81E857761409FABADD85FCE4140	2017-11-05 03:18:40	2017-11-03 15:00:00
74	区立公園	79	鎗ヶ崎公園	やりがさき	大崎2	西品川3-12-2	1979-10-22	360.579999999999984	\N	大崎中学校の東側にある小公園。典型的な遊戯型公園で、周辺より若干高くなった敷地内に標準的な遊戯施設と休憩施設が設置されている。	あり		35.6156000000000006	139.72399999999999	0101000020E6100000BA490C022B77614074B515FBCBCE4140	2017-11-05 03:18:40	2017-11-03 15:00:00
75	区立公園	80	豊町公園	ゆたかちょう	荏原4	豊町6-16-3	1979-10-22	738.580000000000041	\N	地下鉄中延駅の東にある公園で、多目的広場をはさんで二つの遊戯ゾーンがある。高低差のある二つの遊戯ゾーンは、凝ったタイル模様のスロープで結ばれている。	あり		35.6045000000000016	139.716000000000008	0101000020E6100000F4FDD478E97661404C37894160CD4140	2017-11-05 03:18:40	2017-11-03 15:00:00
77	区立公園	82	後地公園	うしろじ	荏原1	小山2-9-16	1980-03-14	280.310000000000002	\N	後地小学校の南にある遊戯型公園。シルバーセンターおよび児童センターに隣接し、両施設の前庭的な性格をもっている。	なし		35.6203999999999965	139.709000000000003	0101000020E6100000A69BC420B07661401D38674469CF4140	2017-11-05 03:18:40	2017-11-03 15:00:00
78	区立公園	83	西大井広場公園	にしおおいひろば	大井2	二葉2-19-7	1980-03-31	13456.7000000000007	\N	JR西大井駅近く、立会道路をはさんで南北に跨る公園。南側は多目的広場、北側は緑道風公園として整備されており、緑道部西大井駅側には壁泉が作られている。	あり		35.6022000000000034	139.723000000000013	0101000020E61000004260E5D0227761405BD3BCE314CD4140	2017-11-05 03:18:40	2017-11-03 15:00:00
72	区立公園	77	倉田公園	くらた	大井2	大井4-29-23	1979-03-31	457.04000000000002	大	チャレンジ気分を高める遊具もあるが、乳児にはバランス遊具や探索が人気。広場側は日当たり良好なので、スロープをヨチヨチお散歩したり、抱っこでみんなが遊ぶのを見ているのも楽しい。	なし		35.5985000000000014	139.731999999999999	0101000020E61000008195438B6C776140F853E3A59BCC4140	2017-11-05 03:18:40	2018-02-04 22:40:09
79	区立公園	84	西品川公園	にししながわ	大崎2	西品川1-8-7	1980-03-31	2230.75	\N	広場型公園で、道路より高くなった園内は、接道部の植込みをはさんで遊戯・休憩ゾーンがあり、その奥にある広場は地下が雨水貯留池になっている。	あり		35.6128	139.730999999999995	0101000020E610000008AC1C5A64776140917EFB3A70CE4140	2017-11-05 03:18:40	2017-11-03 15:00:00
80	区立公園	85	京陽公園	けいよう	荏原3	平塚2-12-3	1980-03-31	1441.41000000000008	\N	家庭あんしんセンターに隣接し、フェンスのない広場的空間と遊戯ゾーンからなっている。奥行きが深く広々とした印象を与える。道路側は歩道空間として整備されている。	あり		35.6169000000000011	139.712999999999994	0101000020E6100000894160E5D076614082734694F6CE4140	2017-11-05 03:18:40	2017-11-03 15:00:00
82	区立公園	88	元芝公園	もとしば	大井1	東大井3-7-18	1981-06-05	656.809999999999945	\N	都営住宅建設に伴い区に提供された遊戯施設中心の公園。第一京浜国道西側の急斜面地にあるため、出入口は全て坂や階段になっている。	なし		35.602800000000002	139.739000000000004	0101000020E6100000CFF753E3A5776140B003E78C28CD4140	2017-11-05 03:18:40	2017-11-03 15:00:00
83	区立公園	89	二葉公園	ふたば	荏原4	二葉4-13-5	1982-08-23	1836.77999999999997	\N	JR西大井駅の西方にある小公園。幼児向け遊具や休憩施設を配した上段と、広場状に整備された下段に分かれており、間の斜面を利用してお山、滑り台、うんていが設けられている。	あり		35.6036000000000001	139.717999999999989	0101000020E6100000E5D022DBF9766140CCEEC9C342CD4140	2017-11-05 03:18:40	2017-11-03 15:00:00
84	区立公園	90	台場浦公園	だいばうら	品川1	東品川1-8-34	1983-01-10	544.460000000000036	\N	都営住宅建設に伴い区に提供された、台場小学校近くにある遊戯施設中心の公園。区内の公園には珍しく、植込みの縁石や舗装にレンガが使われている。	あり		35.6216000000000008	139.742999999999995	0101000020E6100000B29DEFA7C6776140C898BB9690CF4140	2017-11-05 03:18:40	2017-11-03 15:00:00
85	区立公園	91	しながわ区民公園	しながわくみん	大井1	勝島3-2-2	1983-04-01	127419	\N	区を代表する公園で、遊戯施設に加え運動施設や水族館、キャンプ場、クジラの噴水､流れおよび海水を利用した1万㎡の人工湖「勝島の海」がある。300本の松並木があり、花見の季節には130本の梅や400本の桜が咲く。なお、当公園は一部、国有地の無償貸付を受けている。	あり	http://www.city.shinagawa.tokyo.jp/hp/menu000000400/hpg000000342.htm	35.5932999999999993	139.739000000000004	0101000020E6100000CFF753E3A5776140C05B2041F1CB4140	2017-11-05 03:18:40	2017-11-03 15:00:00
86	区立公園	92	中延公園	なかのぶ	荏原3	西中延1-9-8	1983-11-18	636.769999999999982	\N	中通り沿いにある公園で、パーゴラと一体となった遊戯ゾーンと入口ゾーンとからなる。入口ゾーンにはユニークな象の形のモニュメントが設置されている。	あり		35.6118000000000023	139.707999999999998	0101000020E61000002DB29DEFA7766140AED85F764FCE4140	2017-11-05 03:18:40	2017-11-03 15:00:00
87	区立公園	93	西大井緑地公園	にしおおいりょくち	大井3	西大井6-10-16	1984-03-10	595.039999999999964	\N	JR西大井駅の南西にある、伊藤博文公の墓所の一部を整備した公園。高木に囲まれた園内は、木製遊具や自然石舗装等が用いられ、落ち着いた雰囲気がある。	あり		35.6002999999999972	139.719999999999999	0101000020E6100000D7A3703D0A776140F7E461A1D6CC4140	2017-11-05 03:18:40	2017-11-03 15:00:00
88	区立公園	94	八潮公園	やしお	八潮	八潮5-11-16	1984-04-01	24917.7000000000007	\N	八潮地域センターの東側にある公園で、遊戯広場、多目的広場及び緑道部からなる。多目的広場は教育委員会の管理運営で、八潮学園との共有スペース。	あり		35.6007999999999996	139.752999999999986	0101000020E61000006ABC749318786140E9B7AF03E7CC4140	2017-11-05 03:18:40	2017-11-03 15:00:00
90	区立公園	96	旗の台北公園	はたのだいきた	荏原4	旗の台3-10-15	1985-11-25	397.180000000000007	\N	立会川児童遊園が東急池上線で途切れる所にある広場型公園。児童遊園より高くなった園内は外周部をフェンスで囲まれ、中央には大型複合遊具が置かれている。	あり		35.6056999999999988	139.705000000000013	0101000020E6100000C3F5285C8F766140F697DD9387CD4140	2017-11-05 03:18:40	2017-11-03 15:00:00
91	区立公園	97	源氏前公園	げんじまえ	荏原4	中延6-4-15	1985-11-28	1072.15000000000009	\N	源氏前小学校の南東にある遊戯型公園で、雨水貯留機能を備えた多目的広場と幼児向け遊戯ゾーンからなる。隣接する特定児童遊園を抜けて第二京浜国道に出られる。	あり		35.6022999999999996	139.711999999999989	0101000020E6100000105839B4C8766140BE30992A18CD4140	2017-11-05 03:18:40	2017-11-03 15:00:00
92	区立公園	98	しおじ公園	しおじ	八潮	八潮5-8-1	1986-04-01	10233.1000000000004	\N	八潮団地の南端にある公園で、道路により東西に分かれている。西側は広場と遊具を備えた公園、東側は遊戯型の緑道として整備され、両者間は歩道橋で結ばれている。	あり		35.5962000000000032	139.751000000000005	0101000020E610000079E926310878614007F0164850CC4140	2017-11-05 03:18:40	2017-11-03 15:00:00
235	防災広場	21	豊四中央防災広場	とよよんちゅうおうぼうさい	荏原5	豊町4-17-1	2009-06-30	208	\N		なし		35.6066999999999965	139.721000000000004	0101000020E6100000508D976E12776140D93D7958A8CD4140	2017-11-05 03:18:40	2017-11-03 15:00:00
93	区立公園	99	小関公園	こせき	品川1	北品川5-8-21	1986-06-07	1134.24000000000001	\N	居木橋の北西にある公園。表通りから細い園路を通って入る園内は、多目的広場と遊戯ゾーンからなり、隣接する民間住宅内公園や目黒川緑道とつながっている。	あり		35.6193000000000026	139.733000000000004	0101000020E6100000FA7E6ABC74776140D734EF3845CF4140	2017-11-05 03:18:40	2017-11-03 15:00:00
250	防災広場	36	宮前花広場	みやまえはなひろば	荏原3	戸越4-9-19	2013-04-21	279.95999999999998	\N		なし		35.6109999999999971	139.718999999999994	0101000020E61000005EBA490C0277614091ED7C3F35CE4140	2017-11-05 03:18:40	2017-11-03 15:00:00
97	区立公園	103	平塚たけのこ公園	ひらつかたけのこ	荏原3	平塚1-17-7	1990-11-01	632.519999999999982	\N	掘割化された東急池上線線路上を蓋掛けした区間のうち、補助26号線と二中橋の間を整備した遊戯・休憩型の細長い公園。園名は大正期までこの地域が筍の産地であったことに由来。	あり		35.6129999999999995	139.713999999999999	0101000020E6100000022B8716D97661405839B4C876CE4140	2017-11-05 03:18:40	2017-11-03 15:00:00
98	区立公園	104	東中はなみずき公園	とうなかはなみずき	荏原3	東中延1-8-9	1990-11-01	1102.33999999999992	\N	東急池上線蓋掛け区間中、荏原中延駅の北側を整備した公園。園内は北側が遊戯ゾーン、南側が休憩ゾーンで、両端部にある枕木とレールのモニュメントがユニーク。	あり		35.6109999999999971	139.712999999999994	0101000020E6100000894160E5D076614091ED7C3F35CE4140	2017-11-05 03:18:40	2017-11-03 15:00:00
99	区立公園	105	延山くすのき公園	えんざんくすのき	荏原4	西中延3-3-1	1990-11-01	932.629999999999995	\N	東急池上線蓋掛け区間中、中通りとの交差部の東側を整備した公園。遊戯ゾーンをはさむ形で修景・休憩ゾーンがあり、東端入口側には「街角の泉」が設けられている。	あり		35.6081999999999965	139.709000000000003	0101000020E6100000A69BC420B0766140AEB6627FD9CD4140	2017-11-05 03:18:40	2017-11-03 15:00:00
94	区立公園	100	かむろ坂公園	かむろざかこうえん	大崎1	西五反田4-28-9	1989-03-20	1139.99000000000001	\N	乳児向け遊具と少しお兄さん以上向け遊具となんとなく場所が分かれているが、大きい子向け遊具の下部分での乳児の探検やままごとや広がる！桜の散る頃は、桜吹雪の中遊べるのが最高。	あり		35.6251999999999995	139.711999999999989	0101000020E6100000105839B4C8766140C7BAB88D06D04140	2017-11-05 03:18:40	2017-11-03 15:00:00
96	区立公園	102	西品川おさんぽ公園	にししながわおさんぽ	大崎2	西品川3-9-24	1990-03-23	876.639999999999986	\N	中央に大きな木があり、遊具はシーソーのみの小さな公園。しかしこの大きな木や、生け垣、ちょっとした段差などが乳幼児の探索心をくすぐる。秋には立派なマテバシイが拾える。	あり		35.616100000000003	139.72399999999999	0101000020E6100000BA490C022B7761406688635DDCCE4140	2017-11-05 03:18:40	2017-11-03 15:00:00
101	区立公園	107	旗の台なか公園	はたのだいなか	荏原4	旗の台3-9-12	1990-12-28	215.379999999999995	\N	立会川児童遊園（その４）の中ほどに接する小公園で、幼児向け遊具中心に整備されている。	なし		35.6047000000000011	139.705999999999989	0101000020E61000003BDF4F8D9776614013F241CF66CD4140	2017-11-05 03:18:40	2017-11-03 15:00:00
242	防災広場	28	ゆたか防災広場	ゆたか	荏4	豊町6-11-1	2010-04-16	1536.19000000000005	\N		あり		35.6054999999999993	139.717999999999989	0101000020E6100000E5D022DBF97661402FDD240681CD4140	2017-11-05 03:18:40	2017-11-03 15:00:00
103	区立公園	109	葦山公園	よしやま	荏原5	豊町1-6-7	1991-03-09	536.590000000000032	\N	三井坂と平和坂の間の急坂に面した公園。二つの遊戯ゾーンと休憩ゾーンに分かれており、両ゾーンの間には高低差を生かした階段がある。	あり		35.6135999999999981	139.723000000000013	0101000020E61000004260E5D022776140AD69DE718ACE4140	2017-11-05 03:18:40	2017-11-03 15:00:00
104	区立公園	110	南五公園	なんご	品川2	南品川5-2-5	1991-10-28	591.799999999999955	\N	第一京浜国道から少し入った所にある公園。フェンスのない広場を中心に樹皮舗装された健康遊具ゾーンと入口ゾーンからなる。舗装や縁石にレンガが使われている。	あり		35.6120999999999981	139.741000000000014	0101000020E6100000C1CAA145B6776140D8F0F44A59CE4140	2017-11-05 03:18:40	2017-11-03 15:00:00
105	区立公園	111	戸越南公園	とごしみなみ	荏原4	戸越6-8-8	1992-02-07	522.92999999999995	\N	近くに大型店舗があることから遊戯施設に加え休憩用の円形ベンチを設けた公園で、正面入口脇の花壇が印象的。トイレの外壁にタイルで模様が施されている。	あり		35.6073000000000022	139.718999999999994	0101000020E61000005EBA490C027761402F6EA301BCCD4140	2017-11-05 03:18:40	2017-11-03 15:00:00
106	区立公園	112	大井鹿島公園	おおいかしま	大井3	大井6-8-2	1992-03-26	913.029999999999973	\N	閑静な住宅地にある公園で、四阿を中心に和風に整備された休憩ゾーンと若干の遊具がある多目的広場からなる。梅、桜、楓等季節感にあふれる樹木が植えられている。	なし		35.596899999999998	139.731999999999999	0101000020E61000008195438B6C776140BF7D1D3867CC4140	2017-11-05 03:18:40	2017-11-03 15:00:00
107	区立公園	113	谷垂公園	たにだれ	大井3	西大井6-13-10	1992-09-10	566.860000000000014	\N	緩やかな坂道の途中にある遊戯型の公園で、園内中央に置かれた大型複合遊具がシンボル的存在。入口脇にあるトイレの外壁にタイルで模様が描かれている。	あり		35.6000000000000014	139.717999999999989	0101000020E6100000E5D022DBF9766140CDCCCCCCCCCC4140	2017-11-05 03:18:40	2017-11-03 15:00:00
108	区立公園	114	天王洲アイル第一公園	てんのうずあいるだいいち	品川1	東品川2-3-21	1992-10-15	2608.01000000000022	\N	天王洲地区の最北東部にある緑道型公園。若干の遊具はあるが全体に休憩・散策を主眼において整備されており、運河沿いに隣接してボードウォークが設けられている。	あり		35.6246000000000009	139.75200000000001	0101000020E6100000F2D24D6210786140728A8EE4F2CF4140	2017-11-05 03:18:40	2017-11-03 15:00:00
109	区立公園	115	天王洲アイル第四公園	てんのうずあいるだいよん	品川1	東品川2-2-24	1992-12-25	379.939999999999998	\N	天王洲地区北側の運河沿いにある休憩型の公園。園内は休憩施設中心に整備されており、運河に沿ってボードウォークが設けられている。	なし		35.6236000000000033	139.748999999999995	0101000020E61000008716D9CEF77761408FE4F21FD2CF4140	2017-11-05 03:18:40	2017-11-03 15:00:00
206	児童遊園	72	にしよん広場	にしよんひろば	大崎1	西五反田4-10-6	2002-04-24	346	\N	災害時対応型の広場。地域の小学校が町会と協力して管理している花壇がある。	なし		35.6259000000000015	139.711000000000013	0101000020E6100000986E1283C07661408048BF7D1DD04140	2017-11-05 03:18:40	2017-11-03 15:00:00
110	区立公園	116	江戸見坂公園	えどみざか	荏原2	小山6-23-8	1993-12-07	725.950000000000045	\N	東急目黒線西小山駅の南にある遊戯型公園。緩やかな坂道に接する植込みや園内の休憩ゾーンには、ユニークな割りタイルで装飾された縁石が用いられている。	あり		35.6128	139.699000000000012	0101000020E6100000EE7C3F355E766140917EFB3A70CE4140	2017-11-05 03:18:40	2017-11-03 15:00:00
111	区立公園	117	天王洲アイル第三公園	てんのうずあいるだいさん	品川1	東品川2-2-12	1993-12-13	234.97999999999999	\N	天王洲地区の中央部、高層ビルの間にある小公園。園内は休憩施設主体のポケットパーク風に整備されており、オフィス街のオアシス的存在。	なし		35.6225000000000023	139.748999999999995	0101000020E61000008716D9CEF777614048E17A14AECF4140	2017-11-05 03:18:40	2017-11-03 15:00:00
112	区立公園	119	旗の台広場公園	はたのだいひろば	荏原4	旗の台3-1-5	1994-08-15	1652.90000000000009	\N	文教大学のすぐ近くにある広場型公園。若干の遊具や休憩施設がある以外は、全て多目的広場として整備されている。広場内に並んだイチョウの大木が目をひく。	あり		35.6060999999999979	139.705999999999989	0101000020E61000003BDF4F8D97766140840D4FAF94CD4140	2017-11-05 03:18:40	2017-11-03 15:00:00
113	区立公園	120	あさひ公園	あさひ	荏原1	小山2-17-27	1994-10-28	1236.04999999999995	\N	昔の品川用水周辺の風景の再現をテーマとして整備された広場型公園。用水路を模した流れ風施設やそこに架かる石橋、水車をイメージした彫像等が設置されている。	あり		35.6193000000000026	139.707999999999998	0101000020E61000002DB29DEFA7766140D734EF3845CF4140	2017-11-05 03:18:40	2017-11-03 15:00:00
251	防災広場	37	西大井六丁目ふれあい広場	にしおおいろくちょうめふれあいひろば	大井3	西大井6-3-1	2013-04-21	1215.00999999999999	\N		なし		35.6011999999999986	139.716000000000008	0101000020E6100000F4FDD478E9766140772D211FF4CC4140	2017-11-05 03:18:40	2017-11-03 15:00:00
114	区立公園	121	天王洲アイル第二公園	てんのうずあいるだいに	品川1	東品川2-2-17	1994-12-14	399.930000000000007	\N	天王洲地区の中心部、山手通り沿いにある休憩型公園。園内にはベンチやトイレのみが設置されている。	あり		35.6218000000000004	139.75	0101000020E610000000000000007861408F53742497CF4140	2017-11-05 03:18:40	2017-11-03 15:00:00
102	区立公園	108	しいのき公園	しいいのき	荏原2	荏原5-5-12	1991-02-07	337.889999999999986	小	中央に大きな木があり、遊具はシーソーのみの小さな公園。しかしこの大きな木や、生け垣、ちょっとした段差などが乳幼児の探索心をくすぐる。秋には立派なマテバシイが拾える。	あり		35.6148999999999987	139.703000000000003	0101000020E6100000D122DBF97E766140BB270F0BB5CE4140	2017-11-05 03:18:40	2018-02-04 22:40:12
115	区立公園	122	やまなか公園	やまなか	大井2	大井3-22-3	1996-03-24	653.279999999999973	\N	ワークショップ方式（住民参加）を用いて設計された公園。低く抑えられたレンガ積み植栽帯が特徴で広場型の公園となっている。	なし		35.6011000000000024	139.728000000000009	0101000020E61000009EEFA7C64B77614014D044D8F0CC4140	2017-11-05 03:18:40	2017-11-03 15:00:00
116	区立公園	123	大森貝塚遺跡庭園	おおもりかいづかいせきていえん	大井3	大井6-21-6	1996-04-01	6340.27000000000044	\N	日本の近代考古学発祥の地としてその歴史性を十分に生かした公園。公園中央部には地層をイメージした回廊と霧を発生させる噴水により幻想的な演出をしている。	あり		35.5932999999999993	139.72999999999999	0101000020E61000008FC2F5285C776140C05B2041F1CB4140	2017-11-05 03:18:40	2017-11-03 15:00:00
118	区立公園	125	天王洲アイル第九公園	てんのうずあいるだいきゅう	品川1	東品川2-4-3	1996-08-01	715	\N	運河に面してボードウォークが設置されている。また、雲をイメージしたモニュメントが目をひく。	なし		35.6191000000000031	139.751000000000005	0101000020E610000079E9263108786140107A36AB3ECF4140	2017-11-05 03:18:40	2017-11-03 15:00:00
119	区立公園	126	八潮北公園	やしおきた	八潮	八潮1-3-1	1998-11-01	22237	\N	八潮地区の北側に位置し、昭和54．4．1東京都海上公園として開設。テニスコート4面、野球場1面を中心に周囲を中高木の植栽帯で覆われた公園	あり		35.6126999999999967	139.753999999999991	0101000020E6100000E3A59BC4207861402D211FF46CCE4140	2017-11-05 03:18:40	2017-11-03 15:00:00
121	区立公園	128	二鳳公園	にほう	荏原5	豊町4-19-20	1999-04-01	201.610000000000014	\N	区民からの遺贈により整備した公園。公園名は故人の希望によるもの。	なし		35.605400000000003	139.721000000000004	0101000020E6100000508D976E12776140CC7F48BF7DCD4140	2017-11-05 03:18:40	2017-11-03 15:00:00
122	区立公園	129	天王洲アイル第八公園	てんのうずあいるだいはち	品川1	東品川2-4-19	1998-11-01	460	\N	民間ビルの公開空地と一体整備された公園。サンクンガーデン型公園。	なし		35.621299999999998	139.751000000000005	0101000020E610000079E92631087861409D8026C286CF4140	2017-11-05 03:18:40	2017-11-03 15:00:00
123	区立公園	130	杜の公園	もりの	品川1	北品川1-6-10	1999-01-07	925.75	\N	品川駅東口地区再開発により提供され、港区立公園及び民間開発部分と一体整備された公園。憩いの空間であるとともに、歩行者のためのオープンスペースになっている。	なし		35.6248000000000005	139.741000000000014	0101000020E6100000C1CAA145B677614039454772F9CF4140	2017-11-05 03:18:40	2017-11-03 15:00:00
125	区立公園	132	品川シーサイド公園	しながわしーさいど	品川2	東品川4-12-13	1999-04-01	2500.01999999999998	\N	東品川四丁目再開発事業により提供された公園。海と森をテーマにして整備されており、それらを連想させる遊具がある。	あり		35.6077000000000012	139.748999999999995	0101000020E61000008716D9CEF7776140BDE3141DC9CD4140	2017-11-05 03:18:40	2017-11-03 15:00:00
126	区立公園	133	森前公園	もりまえ	大井2	西大井1-1-10	2004-01-05	601.019999999999982	\N	西大井駅前南地区再開発事業により提供された公園。トイレの上が見晴台になっており、滑り台もついている。	あり		35.6004000000000005	139.721000000000004	0101000020E6100000508D976E127761405B423EE8D9CC4140	2017-11-05 03:18:40	2017-11-03 15:00:00
232	防災広場	18	荏原一丁目特定児童遊園	えばらいちちょうめ	荏原1	荏原1-25-20	1993-04-01	375.319999999999993	\N		なし		35.6197999999999979	139.711999999999989	0101000020E6100000105839B4C8766140C8073D9B55CF4140	2017-11-05 03:18:40	2017-11-03 15:00:00
128	区立公園	135	ねむの木の庭	ねむのきのにわ	大崎1	東五反田5-19-5	2004-08-26	580.039999999999964	\N	皇后陛下のご実家・旧正田邸の跡地に整備した公園。皇后陛下が高校生時代に作られた詩「ねむの木の子守歌」にちなんだ園名であり、園内には皇后陛下ゆかりの植物や施設が配されている。なお、当公園は一部、国有地の無償貸付を受けている。	なし	http://www.city.shinagawa.tokyo.jp/hp/menu000000400/hpg000000351.htm	35.6302999999999983	139.723000000000013	0101000020E61000004260E5D0227761409B559FABADD04140	2017-11-05 03:18:40	2017-11-03 15:00:00
129	区立公園	136	弁天通り公園	べんてんどおり	荏原4	中延5-3-8	2005-03-22	663.779999999999973	\N	荏原第四地域センターの裏、東急大井町線の線路沿いにある公園。防災拠点となるよう、一般的な公園施設に加えてかまどとして利用できるスツールや防火水槽等が設置されている。	なし		35.6037000000000035	139.709000000000003	0101000020E6100000A69BC420B0766140304CA60A46CD4140	2017-11-05 03:18:40	2017-11-03 15:00:00
130	区立公園	137	庚申公園	こうしん	荏原4	中延5-13-17	2005-03-01	492.45999999999998	\N	荏原町駅の南、大田区境の近くにある公園。遊具は置かず、シンプルな広場型の公園として整備されている。	なし		35.601700000000001	139.709000000000003	0101000020E6100000A69BC420B076614069006F8104CD4140	2017-11-05 03:18:40	2017-11-03 15:00:00
131	区立公園	138	荏原さくら公園	えばらさくら	荏原1	荏原1-24-18	2006-04-05	1000	\N	旧中原街道と荏原第一中学校に挟まれたところにある広場型の公園。道路側に地元に親しまれたサクラの大木がある。	なし		35.6188999999999965	139.713999999999999	0101000020E6100000022B8716D976614048BF7D1D38CF4140	2017-11-05 03:18:40	2017-11-03 15:00:00
132	区立公園	139	品川南ふ頭公園	しながわみなみふとう	品川1	東品川5-8-4	2007-04-01	7540.46000000000004	\N	夜間まで野球、サッカー等ができる人工芝の多目的広場として整備されている。	あり		35.622399999999999	139.754999999999995	0101000020E61000005C8FC2F528786140E4839ECDAACF4140	2017-11-05 03:18:40	2017-11-03 15:00:00
252	防災広場	38	サンサン防災広場	さんさんぼうさいひろば	荏原5	豊町2-5-16	2014-04-19	128.930000000000007	\N		なし		35.6096999999999966	139.723000000000013	0101000020E61000004260E5D022776140832F4CA60ACE4140	2017-11-05 03:18:40	2017-11-03 15:00:00
133	区立公園	140	大崎光の滝公園	おおさきひかりのたき	大崎2	大崎1-1-2	2007-04-02	1001.35000000000002	\N	大崎駅東口第3地区の再開発事業により整備された公園。目黒川沿いにあり、サクラの開花時期に立ち寄り楽しむことができる。	なし		35.6240000000000023	139.725999999999999	0101000020E6100000AC1C5A643B7761401D5A643BDFCF4140	2017-11-05 03:18:40	2017-11-03 15:00:00
258	水辺広場	5	しながわ花海道水辺広場	しながわはなかいどう	大井1	東大井1-13先外	2008-08-01	24315	\N		なし		35.601700000000001	139.742999999999995	0101000020E6100000B29DEFA7C677614069006F8104CD4140	2017-11-05 03:18:40	2017-11-03 15:00:00
135	区立公園	142	中六桜広場	なかろくおう	荏原4	中延6-10-3	2008-06-30	166.909999999999997	\N	開発行為により整備された公園。当該地には昭和初期より桜の丘があり、地元住民に親しまれていたことから、地元町会の提案で「中六桜広場」が公園名称として選定された。	なし		35.6009000000000029	139.711999999999989	0101000020E6100000105839B4C87661404D158C4AEACC4140	2017-11-05 03:18:40	2017-11-03 15:00:00
137	区立公園	144	ゆたか南公園	ゆたかみなみ	荏原4	豊町6-29-2	2009-06-30	279.680000000000007	\N	住宅密集地区にあることから、広場空間を広く取り、防災機能を備えた施設を多く設置している。	なし		35.6039999999999992	139.716000000000008	0101000020E6100000F4FDD478E97661405A643BDF4FCD4140	2017-11-05 03:18:40	2017-11-03 15:00:00
136	区立公園	143	文庫の森	ぶんこのもり	荏原5	豊町1-16-23	2009-04-24	14749.6000000000004	\N	気持ちの良い広い芝生でゴロゴロ、ハイハイ、ヨチヨチ。赤ちゃんから大人までのんびり憩える場所。四季折々の景色やあそびも楽しめる。戸越公園のすぐ近くなので、この界隈で1日楽しめる。	あり		35.6118000000000023	139.721000000000004	0101000020E6100000508D976E12776140AED85F764FCE4140	2017-11-05 03:18:40	2017-11-03 15:00:00
138	区立公園	145	ひふみ公園	ひふみ	大崎2	大崎2-2-11	2010-02-01	691	\N	坂道を利用して作られている小さな公園。斜面と階段どちらを上っても滑り台を楽しめるうえ、乳幼児親子にはちょうどよい探検コースもある。トイレはないが、大崎の駅ビルが目の前。	なし		35.6184000000000012	139.725999999999999	0101000020E6100000AC1C5A643B77614057EC2FBB27CF4140	2017-11-05 03:18:40	2017-11-03 15:00:00
139	区立公園	146	御殿山の丘公園	ごてんやまのおか	品1	北品川6-6-32	2011-03-15	869	\N	開発行為によりソニー本社跡地に整備された広場型公園。江戸時代より花見の名所として庶民に親しまれた「御殿山」の一角にあることから命名された。	なし		35.6246000000000009	139.733000000000004	0101000020E6100000FA7E6ABC74776140728A8EE4F2CF4140	2017-11-05 03:18:40	2017-11-03 15:00:00
140	区立公園	147	南品川さくら公園	みなみしながわさくら	品2	南品川5-10-3	2011-05-01	362.800000000000011	\N	南品川シルバーセンターに隣接した広場型公園。旧品川保育園跡地に残されたサクラの大木があることから命名された。	なし		35.6101000000000028	139.740000000000009	0101000020E610000048E17A14AE77614012A5BDC117CE4140	2017-11-05 03:18:40	2017-11-03 15:00:00
141	区立公園	148	鮫洲入江広場	さめずいりえひろば		東大井1-13-1	2013-04-16	7463.23999999999978	\N	鮫洲入江埋立地に建設された東京都下水道局鮫洲ポンプ所雨水貯留池の上部に整備した公園。芝生広場が中心の公園で、南側はしながわ花海道とつながっており、四季折々の花を楽しみながら散策ができる。	あり		35.6037999999999997	139.744	0101000020E61000002B8716D9CE77614093A9825149CD4140	2017-11-05 03:18:40	2017-11-03 15:00:00
142	区立公園	149	街道松の広場	かいどうまつのひろば	品川1	南品川1-8-5	1996-04-01	271	\N	　旧東海道沿い、品川橋の南にある和風の小広場。園内には縁台が置かれ、露地の再現も行われている。沿道部に浜松市寄贈の見事な松が植えられ、ひときわ目をひく。	なし		35.6154999999999973	139.744	0101000020E61000002B8716D9CE776140105839B4C8CE4140	2017-11-05 03:18:40	2017-11-03 15:00:00
243	防災広場	29	中三いこいの広場	なかさん	荏4	中延3-7-20	2011-04-18	415.529999999999973	\N		なし		35.6082999999999998	139.711000000000013	0101000020E6100000986E1283C076614012143FC6DCCD4140	2017-11-05 03:18:40	2017-11-03 15:00:00
144	区立公園	151	小関橋公園	こせきばしこうえん	品川1	北品川5-7-18	2015-06-30	1087.46000000000004	\N	再開発事業により、大崎駅から再開発地区への玄関口として、地域や訪れる方へ緑の憩いの広場を整備した。ボトルツリーやオリーブの木が、公園のシンボルツリーとなっている。	なし		35.6212000000000018	139.730999999999995	0101000020E610000008AC1C5A647761403A234A7B83CF4140	2017-11-05 03:18:40	2017-11-03 15:00:00
146	緑地	3	戸越一丁目緑地	とごしいちちょうめ	荏原3	戸越1-27-32	1994-05-20	93.2000000000000028	\N	民間のビル建設に伴い提供された休憩型の小緑地。園内は緑豊かで、擬石製ベンチが配されモダンな空間が作り出されている。	なし		35.6169000000000011	139.721000000000004	0101000020E6100000508D976E1277614082734694F6CE4140	2017-11-05 03:18:40	2017-11-03 15:00:00
147	緑地	4	東品川ひだまり緑地	ひがししながわひだまり	品川2	東品川3-11-23	2000-11-28	156.409999999999997	\N	民間のビル建設に伴い提供された細長い小緑地。休憩スペースには擬石製スツールが配されている。	なし		35.6146999999999991	139.748999999999995	0101000020E61000008716D9CEF7776140F46C567DAECE4140	2017-11-05 03:18:40	2017-11-03 15:00:00
148	緑地	5	大崎川の辺緑地	おおさきかわのべりょくち	大崎1	大崎1-5-1	2012-11-21	388.569999999999993	\N	民間のビル建設に伴い提供された細長い小緑地。目黒川沿いの散歩道と民間ビルの公開空地に挟まれた緩やかな斜面を利用し、植栽中心に整備されている。	なし		35.6214000000000013	139.729000000000013	0101000020E610000017D9CEF75377614001DE02098ACF4140	2017-11-05 03:18:40	2017-11-03 15:00:00
149	児童遊園	3	戸越児童遊園	とごし	荏原3	戸越3-9-20	1951-03-31	318	\N	第二京浜国道の道路敷にあり、国道と区道にはさまれた細長い地形の児童遊園。園内は幼児向け遊具と休憩施設を中心に整備されている。	あり		35.6120000000000019	139.716000000000008	0101000020E6100000F4FDD478E97661407593180456CE4140	2017-11-05 03:18:40	2017-11-03 15:00:00
150	児童遊園	4	鹿島庚塚児童遊園	かしまかのえづか	大井3	大井7-29-11	1951-04-01	2707	\N	大田区境近くの池上通りに面した細長い児童遊園。東側は遊戯広場、西側は遊戯道路状に整備され、東端と西端は幼児向け、中央は児童向け遊戯ゾーンになっている。	あり		35.5938999999999979	139.729000000000013	0101000020E610000017D9CEF753776140158C4AEA04CC4140	2017-11-05 03:18:40	2017-11-03 15:00:00
151	児童遊園	5	富士見ヶ丘児童遊園	ふじみがおか	大井3	西大井5-7-3	1951-04-01	1377	\N	西大井福祉園の隣にある標準的な児童遊園。周囲の道路に比べて若干高くなった園内には、様々な遊戯施設や休憩施設、花壇などが整備されている。	あり		35.5994000000000028	139.716000000000008	0101000020E6100000F4FDD478E9766140789CA223B9CC4140	2017-11-05 03:18:40	2017-11-03 15:00:00
152	児童遊園	6	北浜川児童遊園	きたはまかわ	大井1	東大井2-25-22	1951-04-01	332	\N	京浜急行立会川駅の近く、諏訪神社所有地内にある児童遊園で、幼児向け遊具を中心に整備されている。立会川駅側の入口に坂本龍馬像が置かれている。	なし		35.5979000000000028	139.739000000000004	0101000020E6100000CFF753E3A5776140A323B9FC87CC4140	2017-11-05 03:18:40	2017-11-03 15:00:00
153	児童遊園	7	旗岡児童遊園	はたがおか	荏原4	旗の台3-6-12	1953-03-30	296	\N	旗岡八幡神社境内の一角にある児童遊園で、一般的な遊具や休憩施設を備えている。道路との間にかなりの高低差があるため、道路から直接児童遊園は見えない。	あり		35.6043999999999983	139.707999999999998	0101000020E61000002DB29DEFA7766140E8D9ACFA5CCD4140	2017-11-05 03:18:40	2017-11-03 15:00:00
259	水辺広場	6	品川シーサイド水辺広場	しながわしーさいど	品川2	東品川4-13先	2010-02-18	437.529999999999973	\N		なし		35.6079000000000008	139.75	0101000020E61000000000000000786140849ECDAACFCD4140	2017-11-05 03:18:40	2017-11-03 15:00:00
154	児童遊園	8	南品川児童遊園	みなみしながわ	品川1	南品川1-2-29	1954-04-01	196.780000000000001	\N	京浜急行新馬場駅の南側にある小さな児童遊園。遊具と休憩施設を配置した標準的な施設内容で、砂場の上にある藤棚が初夏には美しい花を咲かせる。	なし		35.6156999999999968	139.742999999999995	0101000020E6100000B29DEFA7C6776140D712F241CFCE4140	2017-11-05 03:18:40	2017-11-03 15:00:00
155	児童遊園	13	北品川三丁目児童遊園	きたしながわさんちょうめじどうゆうえん	品川1	北品川3-7-15	1959-03-30	342	\N	品川神社の境内の一部を利用した遊戯型の児童遊園。第一京浜国道脇の高台にあるが神社の敷地内にあり周囲を木々に囲まれているため落ち着いた雰囲気。	あり		35.6182999999999979	139.740000000000009	0101000020E610000048E17A14AE776140F38E537424CF4140	2017-11-05 03:18:40	2017-11-03 15:00:00
156	児童遊園	14	上神明児童遊園	かみしんめい	荏原4	二葉4-3-15	1962-04-01	1285.98000000000002	\N	三間通りをはさんで南北に続く細長い児童遊園。通りの北側は光を用いて川の流れをイメージさせる空間と樹木主体の緑道空間に、南側は遊戯ゾーンに整備されている。	あり		35.6032000000000011	139.713999999999999	0101000020E6100000022B8716D97661403E7958A835CD4140	2017-11-05 03:18:40	2017-11-03 15:00:00
157	児童遊園	15	むつみ児童遊園	むつみ	品川2	南品川5-2-17	1963-03-01	298	\N	第一京浜国道とゼームス坂通りにはさまれた地域にある児童遊園。園内は幼児向けの遊具を中心とした施設内容で、細い通路を抜けて南五公園に出られる。	なし		35.6120000000000019	139.741000000000014	0101000020E6100000C1CAA145B67761407593180456CE4140	2017-11-05 03:18:40	2017-11-03 15:00:00
158	児童遊園	16	出石児童遊園	いづるいし	大井3	西大井3-1-5	1963-07-13	587	\N	大井水神社洗場組合の土地を借りて整備した児童遊園で、湧水による池のゾーンと遊戯ゾーンとに分かれている。	なし		35.5979000000000028	139.72399999999999	0101000020E6100000BA490C022B776140A323B9FC87CC4140	2017-11-05 03:18:40	2017-11-03 15:00:00
159	児童遊園	18	関ヶ原児童遊園	せきがはら	大井1	南大井5-2-15	1964-02-02	238.560000000000002	\N	立会川緑道最下流部、月見橋の家に隣接する三角形の形状の児童遊園。園内は標準的な遊具を主体に整備され、高木が多いため緑陰も豊か。	なし		35.6004000000000005	139.735000000000014	0101000020E6100000EC51B81E857761405B423EE8D9CC4140	2017-11-05 03:18:40	2017-11-03 15:00:00
160	児童遊園	19	神明児童遊園	しんめい	荏原5	二葉1-4-25	1964-04-01	1106.46000000000004	\N	東急大井町線下神明駅付近。道路を挟んで二分しており、北側部にあるタコの形の滑り台がシンボルになっている。現在、南側部は工事のため閉鎖中。	なし		35.6081000000000003	139.725999999999999	0101000020E6100000AC1C5A643B7761404B598638D6CD4140	2017-11-05 03:18:40	2017-11-03 15:00:00
161	児童遊園	20	豊町二丁目児童遊園	ゆたかまちにちょうめ	荏原5	豊町2-18-1	1964-04-01	91	\N	東急大井町線下神明駅近くの交差点角にある小さな児童遊園。休憩施設や花壇、植栽を主体にしたポケットパークとして整備されている。	なし		35.6092999999999975	139.725999999999999	0101000020E6100000AC1C5A643B776140F5B9DA8AFDCD4140	2017-11-05 03:18:40	2017-11-03 15:00:00
162	児童遊園	21	武蔵小山児童遊園	むさしこやま	荏原1	小山3-12-6	1964-12-03	215	\N	荏原第一地域センターのすぐ近くにある遊戯型の児童遊園。奥行きが細長い広場空間で、バリアフリー対応の出入口になっている。	なし		35.6191999999999993	139.706999999999994	0101000020E6100000B4C876BE9F76614073D712F241CF4140	2017-11-05 03:18:40	2017-11-03 15:00:00
163	児童遊園	22	中延児童遊園	なかのぶ	荏原3	中延1-10-15	1964-12-22	198	\N	荏原文化センター近くにある児童遊園。園内は都営住宅や寮に囲まれ小ぢんまりした雰囲気で、幼児向け遊具を中心に整備されている。	なし		35.6126000000000005	139.711000000000013	0101000020E6100000986E1283C0766140CAC342AD69CE4140	2017-11-05 03:18:40	2017-11-03 15:00:00
164	児童遊園	23	荏原児童遊園	えばら	荏原1	荏原1-25-18	1964-12-22	146	\N	星薬科大学に隣接する児童遊園。園内は狭いが、砂場を中心にコンパクトにまとまっている。	なし		35.6195999999999984	139.711999999999989	0101000020E6100000105839B4C8766140014D840D4FCF4140	2017-11-05 03:18:40	2017-11-03 15:00:00
233	防災広場	19	荏原六丁目特定児童遊園	えばらろくちょうめ	荏原3	荏原6-7-2	1993-04-01	401.620000000000005	\N		なし		35.6131000000000029	139.705000000000013	0101000020E6100000C3F5285C8F766140BC96900F7ACE4140	2017-11-05 03:18:40	2017-11-03 15:00:00
165	児童遊園	24	南品川二丁目児童遊園	みなみしながわにちょうめ	品川2	南品川2-11-5	1965-10-01	372	\N	旧東海道に面した児童遊園で、入口脇にある三島市寄贈の松を始め、火の見櫓風の木製遊具やなまこ壁のトイレ等、旧品川宿の雰囲気を醸し出すように整備されている。	あり		35.6141000000000005	139.744	0101000020E61000002B8716D9CE7761409F3C2CD49ACE4140	2017-11-05 03:18:40	2017-11-03 15:00:00
166	児童遊園	27	百反坂下児童遊園	ひゃくたんさかした	大崎2	西品川3-20-22	1967-10-28	201	\N	百反坂の途中から少し奥まったところにある幼児向け遊具中心の小さな児童遊園。2本の桜の大木がシンボルになっている。	なし		35.6154999999999973	139.729000000000013	0101000020E610000017D9CEF753776140105839B4C8CE4140	2017-11-05 03:18:40	2017-11-03 15:00:00
167	児童遊園	28	東大井三丁目児童遊園	ひがしおおいさんちょうめ	大井1	東大井3-29-6	1967-12-01	155	\N	京浜急行立会川駅から第一京浜国道を渡った先にある児童遊園。	なし		35.5989000000000004	139.736999999999995	0101000020E6100000DD2406819577614086C954C1A8CC4140	2017-11-05 03:18:40	2017-11-03 15:00:00
168	児童遊園	29	西大井ちびっこ児童遊園	にしおおいちびっこ	大井3	西大井2-24-9	1967-12-20	25	\N	交差点角の小さな空間を利用した、区内で一番小さい児童遊園。休憩施設中心のポケットパークの形態になっている。	なし		35.5977999999999994	139.724999999999994	0101000020E610000033333333337761403FC6DCB584CC4140	2017-11-05 03:18:40	2017-11-03 15:00:00
169	児童遊園	30	五反田児童遊園	ごたんだ	大崎1	東五反田5-21-10	1967-12-01	157	\N	首都高速道路2号線高架下の道路に面した小さな児童遊園。坂道に面しているため園内は二段に分かれており、幼児向け遊具中心に整備されている。	なし		35.6291999999999973	139.721000000000004	0101000020E6100000508D976E12776140545227A089D04140	2017-11-05 03:18:40	2017-11-03 15:00:00
170	児童遊園	32	作守児童遊園	さくもり	大井2	大井4-12-14	1969-01-12	49	\N	作守稲荷神社の敷地内にある小さな児童遊園。道路に囲まれた園内にはイチョウの大木がありシンボルになっている。	なし		35.6015999999999977	139.733000000000004	0101000020E6100000FA7E6ABC7477614005A3923A01CD4140	2017-11-05 03:18:40	2017-11-03 15:00:00
171	児童遊園	33	上大崎児童遊園	かみおおさき	大崎1	上大崎3-3-15	1969-03-27	241	\N	JR目黒駅近くにある児童遊園で幼児から児童まで遊べる遊具が配置されている。園内は私道をはさんで東西に分かれ、大部分の施設は面積の広い東側に集まっている。	なし		35.633499999999998	139.717999999999989	0101000020E6100000E5D022DBF97661400C022B8716D14140	2017-11-05 03:18:40	2017-11-03 15:00:00
172	児童遊園	34	荏原2丁目児童遊園	えばらにちょうめ	荏原1	荏原2-16-4	1969-03-31	395	\N	荏原保育園の北、細い私道の奥にある遊戯型の児童遊園。ひょうたん形の砂場を跨ぐように架かる小さな橋がユニーク。	あり		35.6174000000000035	139.709000000000003	0101000020E6100000A69BC420B0766140744694F606CF4140	2017-11-05 03:18:40	2017-11-03 15:00:00
173	児童遊園	35	戸越六丁目児童遊園	とごしろくちょうめ	荏原4	戸越6-11-6	1969-04-15	95	\N	大原児童センターの向かい側にある小さな児童遊園で、脇を東急大井町線が走っている。園内は砂場を主体に整備されている。	なし		35.6075999999999979	139.715000000000003	0101000020E61000007B14AE47E1766140598638D6C5CD4140	2017-11-05 03:18:40	2017-11-03 15:00:00
174	児童遊園	36	豊町5丁目児童遊園	ゆたかちょうごちょうめ	荏原5	豊町5-14-3	1969-10-10	280	\N	真ん中に滑り台や雲梯として遊べるコンクリート製の複合遊具がプリンの形をしており、とてもおいしそうに見える。	あり		35.6047999999999973	139.721000000000004	0101000020E6100000508D976E12776140764F1E166ACD4140	2017-11-05 03:18:40	2017-11-03 15:00:00
175	児童遊園	38	さつき児童遊園	さつき	品川2	南品川5-8-28	1970-08-25	103	\N	ゼームス坂から細い区道を入った所にある小さな児童遊園で、幼児向け遊具が設置されている。	なし		35.6103000000000023	139.741000000000014	0101000020E6100000C1CAA145B6776140D95F764F1ECE4140	2017-11-05 03:18:40	2017-11-03 15:00:00
176	児童遊園	41	荏原4丁目児童遊園	えばらよんちょうめ	荏原1	荏原4-10-10	1971-10-14	192	\N	栄通りから私道の奥にある小さな児童遊園。園内には坪庭をイメージした植栽や、ユニークなブタの置き物がある。	なし		35.6167000000000016	139.705000000000013	0101000020E6100000C3F5285C8F766140BBB88D06F0CE4140	2017-11-05 03:18:40	2017-11-03 15:00:00
177	児童遊園	42	西五反田六丁目児童遊園	にしごたんだろくちょうめ	大崎1	西五反田6-11-7	1971-11-09	296	\N	中原街道桐ケ谷坂の近くにある児童遊園。入口部は階段部とスロープ部に分かれている。園内の壁面は、動物の絵で飾られている。	なし		35.6208000000000027	139.717000000000013	0101000020E61000006DE7FBA9F1766140ACADD85F76CF4140	2017-11-05 03:18:40	2017-11-03 15:00:00
178	児童遊園	43	西中延3丁目児童遊園	にしなかのぶさんちょうめ	荏原4	西中延3-5-17	1971-12-06	127	\N	中通りが東急池上線と交差する所の南側にある広場型の小さな児童遊園。	なし		35.6075999999999979	139.709000000000003	0101000020E6100000A69BC420B0766140598638D6C5CD4140	2017-11-05 03:18:40	2017-11-03 15:00:00
179	児童遊園	44	大井町緑地児童遊園	おおいまちりょくち	大井2	大井1-7地先	1973-10-19	1296	\N	大井町駅西口ロータリーから立会道路沿いに続く細長い児童遊園。サクラ等多数の樹木が植えられた緑道。	あり		35.6073000000000022	139.731999999999999	0101000020E61000008195438B6C7761402F6EA301BCCD4140	2017-11-05 03:18:40	2017-11-03 15:00:00
180	児童遊園	45	三ツ木児童遊園	みつぎ	荏原5	西品川2-9-18	1974-01-12	180	\N	平和坂の途中にある遊戯型の児童遊園。隣地との間の擁壁には緑化ブロックが使われている。	なし		35.6133000000000024	139.72399999999999	0101000020E6100000BA490C022B7761408351499D80CE4140	2017-11-05 03:18:40	2017-11-03 15:00:00
181	児童遊園	46	立会川児童遊園（その４）	たちあいがわそのよん	荏原4	旗の台3-9地先	1974-02-14	1836	\N	清水橋から大井町線荏原町駅までの立会川上部を利用した細長い児童遊園。清水橋側から休憩、遊戯､散策ゾーンに分けられ、荏原町駅側には彫像が立っている。	なし		35.6043999999999983	139.705999999999989	0101000020E61000003BDF4F8D97766140E8D9ACFA5CCD4140	2017-11-05 03:18:40	2017-11-03 15:00:00
182	児童遊園	47	立会川児童遊園（その２）	たちあいがわそのに	荏原2	旗の台2-1地先	1974-02-23	1279	\N	中原街道から東急池上線までの立会川上部を利用した児童遊園で、最南端は駐輪場になっている。	あり		35.6066999999999965	139.704000000000008	0101000020E61000004A0C022B87766140D93D7958A8CD4140	2017-11-05 03:18:40	2017-11-03 15:00:00
183	児童遊園	48	立会川児童遊園（その３）	たちあいがわそのさん	荏原4	旗の台3-10地先	1974-03-30	1020	\N	東急池上線～清水橋間の立会川上部を利用した児童遊園。全体は緑道風に整備され、池上線側に遊戯ゾーンがある。清水橋側には蛙の彫像がある。	なし		35.6052999999999997	139.705000000000013	0101000020E6100000C3F5285C8F76614068226C787ACD4140	2017-11-05 03:18:40	2017-11-03 15:00:00
184	児童遊園	49	豊町ちびっこ児童遊園	ゆたかちょうちびっこ	大崎2	豊町1-2-3	1974-09-20	84	\N	大崎中学校脇にあるポケットパーク型の小さな児童遊園。熊のベンチ、小鳥のとまった車止め、リスやモグラの描かれた舗装等ユニークなアイデアに溢れている。	なし		35.6150999999999982	139.72399999999999	0101000020E6100000BA490C022B77614082E2C798BBCE4140	2017-11-05 03:18:40	2017-11-03 15:00:00
185	児童遊園	50	小山四丁目児童遊園	こやまだいよんちょうめ	荏原1	小山4-6-2	1974-11-08	222	\N	幼児向け遊具を主体に整備された標準的な児童遊園。入口脇の休憩コーナーにあるパーゴラにフジが絡んでおり、季節になると花が美しい。	なし		35.6174000000000035	139.705000000000013	0101000020E6100000C3F5285C8F766140744694F606CF4140	2017-11-05 03:18:40	2017-11-03 15:00:00
186	児童遊園	52	小山五丁目児童遊園	こやまだいごちょうめ	荏原1	小山5-13-4	1975-11-22	317	\N	小山小学校のすぐ近くにある小さな児童遊園。小ぢんまりとした園内には、標準的な幼児向け遊具が配置されている。	なし		35.616500000000002	139.701999999999998	0101000020E61000005839B4C876766140F4FDD478E9CE4140	2017-11-05 03:18:40	2017-11-03 15:00:00
187	児童遊園	53	桜橋児童遊園	さくらばし	大井1	東大井3-22-1	1977-09-25	138	\N	見晴らし通りが立会川を越える橋（桜橋）のたもとにある三角形の小さな児童遊園。狭い敷地の中に幼児向け遊具や休憩施設がコンパクトに配置されている。	あり		35.5998999999999981	139.73599999999999	0101000020E6100000643BDF4F8D776140696FF085C9CC4140	2017-11-05 03:18:40	2017-11-03 15:00:00
188	児童遊園	54	西大井二丁目児童遊園	にしおおいにちょうめ	大井3	西大井2-22-7	1977-10-26	262	\N	滝王子通りから狭い私道を入った所にある児童遊園。小ぢんまりした園内には幼児向け遊具やベンチが置かれている。ケヤキの大木があるため、緑陰は豊か。	なし		35.5987999999999971	139.724999999999994	0101000020E61000003333333333776140226C787AA5CC4140	2017-11-05 03:18:40	2017-11-03 15:00:00
189	児童遊園	55	森下児童遊園	もりした	大井2	大井2-1-13	1980-04-01	800	\N	区営住宅建設に伴って提供された児童遊園。敷地の大部分を広場が占め、西端部に小さな遊戯・休憩コーナーがある。両ゾーンの間にある大きなパーゴラが目をひく。	あり		35.6062999999999974	139.729000000000013	0101000020E610000017D9CEF7537761404BC8073D9BCD4140	2017-11-05 03:18:40	2017-11-03 15:00:00
190	児童遊園	56	豊町児童遊園	ゆたかちょう	荏原5	豊町4-1-12	1981-09-02	232	\N	Ｔ字路の角にある細長い児童遊園。園内は休憩ゾーンと遊戯ゾーンに分かれており、遊戯ゾーンには、ローラー式滑り台が置かれている。	なし		35.6071999999999989	139.718999999999994	0101000020E61000005EBA490C02776140CB10C7BAB8CD4140	2017-11-05 03:18:40	2017-11-03 15:00:00
191	児童遊園	57	伊藤児童遊園	いとう	大井3	西大井6-17-9	1983-01-12	225	\N	西大井福祉園の北西にある小さな児童遊園で、滑り台等を置いた遊戯ゾーンと若干高くなった休憩ゾーンからなっている。	なし		35.6000999999999976	139.716000000000008	0101000020E6100000F4FDD478E9766140302AA913D0CC4140	2017-11-05 03:18:40	2017-11-03 15:00:00
253	防災広場	39	ゆたかしいのきひろば	ゆたかしいのきひろば	荏原5	豊町4-3-20	2015-04-10	535.879999999999995	\N		なし		35.6069000000000031	139.719999999999999	0101000020E6100000D7A3703D0A776140A1F831E6AECD4140	2017-11-05 03:18:40	2017-11-03 15:00:00
193	児童遊園	59	大井倉田児童遊園	おおいくらた	大井2	大井4-22-30	1985-05-31	1055	\N	西光寺に隣接する児童遊園で、多目的広場と健康遊具も置かれた遊戯ゾーンからなる。遊戯ゾーン中央にあるコアラをモチーフにした複合遊具が児童遊園のシンボル。	あり		35.600200000000001	139.731999999999999	0101000020E61000008195438B6C7761409487855AD3CC4140	2017-11-05 03:18:40	2017-11-03 15:00:00
194	児童遊園	60	中原児童遊園	なかはら	荏原3	平塚2-6-4	1987-11-29	141	\N	　地元町会が東京電力から借りていた土地を区が整備した、幼児向け遊具中心の小さな児童遊園。坂道に面しているため接道部の一面は擁壁になっている。	なし		35.6178000000000026	139.715000000000003	0101000020E61000007B14AE47E176614002BC051214CF4140	2017-11-05 03:18:40	2017-11-03 15:00:00
195	児童遊園	61	大崎五丁目遊園	おおさきごちょうめ	大崎2	大崎5-2-2	1993-03-01	1708	\N	五反田・大崎間の山手線線路沿いにあり、都営住宅の建築に伴い整備された細長い児童遊園。園内はあまり多くの施設を置かず、遊戯広場的な形態になっている。	あり		35.6229000000000013	139.725999999999999	0101000020E6100000AC1C5A643B776140D656EC2FBBCF4140	2017-11-05 03:18:40	2017-11-03 15:00:00
197	児童遊園	63	鈴ヶ森道路児童遊園	すずがもりどうろ	大井1	南大井1-22-1	1995-09-20	3126	\N	　第一京浜国道と京浜急行高架線にはさまれた細長い地形の広場中心の児童遊園。	あり		35.5944000000000003	139.736999999999995	0101000020E6100000DD24068195776140075F984C15CC4140	2017-11-05 03:18:40	2017-11-03 15:00:00
198	児童遊園	64	みなみ児童遊園	みなみ	大井1	南大井1-12-9	1996-04-01	4966	\N	　第一京浜国道沿いに平行している。北部は主に遊戯ゾーンで、中間部に雑木、南部には区民用の農園がある。	あり		35.5959000000000003	139.736999999999995	0101000020E6100000DD24068195776140DCD7817346CC4140	2017-11-05 03:18:40	2017-11-03 15:00:00
199	児童遊園	65	西五反田４丁目遊園	にしごたんだ４ちょうめ	大崎1	西五反田4-19-7	1999-04-01	41	\N	　防災まちづくりの一環として整備された児童遊園。日本庭園風のポケットパーク。	なし		35.6255000000000024	139.707999999999998	0101000020E61000002DB29DEFA7766140F2D24D6210D04140	2017-11-05 03:18:40	2017-11-03 15:00:00
200	児童遊園	66	戸越ひだまり広場	とごしひだまりひろば	荏原3	戸越1-4-11	1999-04-01	257	\N	　区立ソレイユ戸越の南側にあり、周囲を植栽で囲まれた日当たりのよい広場。	なし		35.6169999999999973	139.718999999999994	0101000020E61000005EBA490C02776140E5D022DBF9CE4140	2017-11-05 03:18:40	2017-11-03 15:00:00
201	児童遊園	67	戸越二丁目広場	とごしにちょうめひろば	荏原3	戸越2-1-8	1999-05-12	800.620000000000005	\N	周辺住民の要望により、都営地下鉄戸越駅近くに上下2段に分かれた多目的な広場として整備された。園内に植えられたシダレザクラがアクセントになっている。	あり		35.6146000000000029	139.718999999999994	0101000020E61000005EBA490C02776140910F7A36ABCE4140	2017-11-05 03:18:40	2017-11-03 15:00:00
202	児童遊園	68	荏原一丁目ふれあい広場	えばらいっちょうめふれあい	荏原1	荏原1-2-12	2001-03-05	181.400000000000006	\N	桐ケ谷通りから少し入った所にあり､地域の要望により周囲に植栽を配した多目的な広場として整備されている。	なし		35.621299999999998	139.712999999999994	0101000020E6100000894160E5D07661409D8026C286CF4140	2017-11-05 03:18:40	2017-11-03 15:00:00
203	児童遊園	69	わくわく広場	わくわくひろば	荏原1	荏原1-4-13	2001-08-08	436.779999999999973	\N	地元管理の花壇があり、地域のコミュニケーションの場として、また防災活動の場として多目的に利用されている広場。	なし		35.6201000000000008	139.712999999999994	0101000020E6100000894160E5D0766140F31FD26F5FCF4140	2017-11-05 03:18:40	2017-11-03 15:00:00
204	児童遊園	70	大崎橋広場	おおさきばしひろば	大崎1	西五反田1-10-2	2001-12-06	750.75	\N	目黒川沿いにある細長い広場で歩道と一体的に整備されている。旧『大崎橋』の親柱がモニュメントとして保存されてある。	あり		35.6248999999999967	139.72399999999999	0101000020E6100000BA490C022B7761409CA223B9FCCF4140	2017-11-05 03:18:40	2017-11-03 15:00:00
234	防災広場	20	豊四防災広場	とよよんぼうさい	荏原5	豊町4-7-11	2009-06-30	125.409999999999997	\N		なし		35.6071999999999989	139.722000000000008	0101000020E6100000C976BE9F1A776140CB10C7BAB8CD4140	2017-11-05 03:18:40	2017-11-03 15:00:00
207	児童遊園	73	旗の台東広場	はたのだいひがしひろば	荏原4	旗の台4-12-26	2003-05-15	224.150000000000006	\N	大田区境近くの勾配地にあるため、北側に大きな高低差がある。災害時用の空地として整備されている。	なし		35.6021000000000001	139.704000000000008	0101000020E61000004A0C022B87766140F775E09C11CD4140	2017-11-05 03:18:40	2017-11-03 15:00:00
208	児童遊園	75	相生広場	あいおい	大崎1	東五反田4-1-32	2006-03-20	163.900000000000006	\N	民間開発で整備された児童遊園で、港区境近くの勾配地に位置している。急な坂道の途中にあり、奥は民間マンションの憩いの広場と一体になっている。	なし		35.6326999999999998	139.725999999999999	0101000020E6100000AC1C5A643B776140F0164850FCD04140	2017-11-05 03:18:40	2017-11-03 15:00:00
244	防災広場	30	カメさん広場	かめさん	荏2	戸越2-6-20	2011-11-26	151.129999999999995	\N		なし		35.6129000000000033	139.719999999999999	0101000020E6100000D7A3703D0A776140F5DBD78173CE4140	2017-11-05 03:18:40	2017-11-03 15:00:00
209	児童遊園	76	東品川屋上庭園	ひがししながわおくじょう	品川1	東品川3-9-21	2007-03-31	4664.14000000000033	\N	下水道局東品川ポンプ所の屋上に整備した庭園で、東品川海上公園と一体的に利用できる。草花を主体に植栽した洋風庭園と、和風庭園に分かれている。	なし		35.6165999999999983	139.75	0101000020E61000000000000000786140575BB1BFECCE4140	2017-11-05 03:18:40	2017-11-03 15:00:00
210	児童遊園	77	東品川健康広場	ひがししながわけんこう	品川1	東品川3-9-21	2007-03-31	808.919999999999959	\N	東品川海上公園に隣接して整備された広場で、子供から高齢者までが楽しめる健康遊具を配している。	なし		35.6169000000000011	139.74799999999999	0101000020E61000000E2DB29DEF77614082734694F6CE4140	2017-11-05 03:18:40	2017-11-03 15:00:00
211	児童遊園	78	不動前緑道	ふどうまえ	荏原1	小山1-10-1	2009-05-01	3570.15000000000009	\N	東急目黒線の地下化に伴い、その上部を利用して造られた児童遊園。季節感のある樹木を多く取り入れながら、全体としてはシンプルですっきりとしたした感じの緑道。	なし		35.622399999999999	139.707999999999998	0101000020E61000002DB29DEFA7766140E4839ECDAACF4140	2017-11-05 03:18:40	2017-11-03 15:00:00
212	児童遊園	79	武蔵小山緑道	むさしこやま	荏原1	小山4-10-1	2009-05-01	3456.01000000000022	\N	東急目黒線の地下化に伴い、その上部を利用して造られた児童遊園。ビオトープ風の流れ、健康遊具、鉄道敷地であることを示す電車風のパーゴラなどユニークな施設がある。	なし		35.6182000000000016	139.700999999999993	0101000020E6100000DF4F8D976E7661409031772D21CF4140	2017-11-05 03:18:40	2017-11-03 15:00:00
213	児童遊園	80	西小山緑道	にしこやま	荏原2	小山6-11-1	2009-09-25	3042.90000000000009	\N	東急目黒線の地下化に伴い、その上部を利用して造られた児童遊園。歩く機能優先の緑道で、標準幅員６ｍの歩行空間が続く、明るくすっきりとしたイメージの緑道。	なし		35.6133000000000024	139.697000000000003	0101000020E6100000FCA9F1D24D7661408351499D80CE4140	2017-11-05 03:18:40	2017-11-03 15:00:00
214	児童遊園	81	ひらさん広場	ひらさんひろば	荏原3	平塚3-9-1	2013-09-07	6754.82999999999993	\N	旧荏原平塚中学校跡地に整備された児童遊園。地域のスポーツ活動の場、防災活動の場、地域コミュニティの交流や憩の場など、荏原地区の核となる多目的広場をメインに整備された。	あり		35.6144000000000034	139.712999999999994	0101000020E6100000894160E5D0766140CA54C1A8A4CE4140	2017-11-05 03:18:40	2017-11-03 15:00:00
215	児童遊園	82	ころく坂の上広場	ころくさかのうえひろば	荏原2	小山6-25-16	2014-03-27	222.919999999999987	\N	小山６丁目と小山７丁目との境にある児童遊園、閑静な住宅街の一角にある。多様な植栽や大谷石を再利用した縁石、ベンチとして使える花壇が整備されている。	なし		35.6122000000000014	139.697000000000003	0101000020E6100000FCA9F1D24D7661403C4ED1915CCE4140	2017-11-05 03:18:40	2017-11-03 15:00:00
216	防災広場	2	西五反田五丁目特定児童遊園	にしごたんだごちょうめ	大崎1	西五反田5-17-7	1993-04-01	288.670000000000016	\N		なし		35.6234999999999999	139.713999999999999	0101000020E6100000022B8716D97661402B8716D9CECF4140	2017-11-05 03:18:40	2017-11-03 15:00:00
217	防災広場	3	荏原三丁目特定児童遊園	えばらさんちょうめ	荏原1	荏原3-4-3	1993-04-01	328.110000000000014	\N		なし		35.6178000000000026	139.707999999999998	0101000020E61000002DB29DEFA776614002BC051214CF4140	2017-11-05 03:18:40	2017-11-03 15:00:00
218	防災広場	4	西大井四丁目特定児童遊園	にしおおいよんちょうめ	大井3	西大井4-23-12	1993-04-01	372.769999999999982	\N		なし		35.5929000000000002	139.718999999999994	0101000020E61000005EBA490C0277614032E6AE25E4CB4140	2017-11-05 03:18:40	2017-11-03 15:00:00
219	防災広場	5	戸越一丁目特定児童遊園	とごしちいちちょうめ	荏原3	戸越1-9-6	1993-04-01	304.990000000000009	\N		なし		35.6165999999999983	139.718999999999994	0101000020E61000005EBA490C02776140575BB1BFECCE4140	2017-11-05 03:18:40	2017-11-03 15:00:00
220	防災広場	6	戸越五丁目特定児童遊園	とごしごちょうめ	荏原3	戸越5-12-10	1993-04-01	202.569999999999993	\N		なし		35.6096000000000004	139.717000000000013	0101000020E61000006DE7FBA9F176614020D26F5F07CE4140	2017-11-05 03:18:40	2017-11-03 15:00:00
221	防災広場	7	中延一丁目特定児童遊園	なかのぶいちちょうめ	荏原3	中延1-4-16	1993-04-01	368.519999999999982	\N		なし		35.6128	139.711000000000013	0101000020E6100000986E1283C0766140917EFB3A70CE4140	2017-11-05 03:18:40	2017-11-03 15:00:00
223	防災広場	9	西品川一丁目特定児童遊園	にししながわいちちょうめ	大崎2	西品川1-14-13	1993-04-01	307.980000000000018	\N		なし		35.6118999999999986	139.729000000000013	0101000020E610000017D9CEF75377614011363CBD52CE4140	2017-11-05 03:18:40	2017-11-03 15:00:00
224	防災広場	10	南大井四丁目特定児童遊園	みなみおおいよんちょうめとくていじどうゆうえん	大井1	南大井4-6-20	1993-04-01	337.600000000000023	\N		なし		35.5970000000000013	139.736999999999995	0101000020E6100000DD2406819577614023DBF97E6ACC4140	2017-11-05 03:18:40	2017-11-03 15:00:00
225	防災広場	11	源氏前特定児童遊園	げんじまえとくていじどうゆうえん	荏原4	中延6-4-8	1993-04-01	334.600000000000023	\N		なし		35.6021000000000001	139.712999999999994	0101000020E6100000894160E5D0766140F775E09C11CD4140	2017-11-05 03:18:40	2017-11-03 15:00:00
226	防災広場	12	南品川六丁目特定児童遊園	みなみしながわろくちょうめ	品川2	南品川6-13-3	1993-04-01	742.940000000000055	\N		あり		35.6105000000000018	139.738	0101000020E6100000560E2DB29D776140A01A2FDD24CE4140	2017-11-05 03:18:40	2017-11-03 15:00:00
227	防災広場	13	大井二丁目特定児童遊園	おおいにちょうめ	大井2	大井2-5-15	1993-04-01	545.970000000000027	\N		あり		35.6041999999999987	139.728000000000009	0101000020E61000009EEFA7C64B776140211FF46C56CD4140	2017-11-05 03:18:40	2017-11-03 15:00:00
228	防災広場	14	西大井六丁目特定児童遊園	にしおおいろくちょうめ	大井3	西大井6-5-5	1993-04-01	330.430000000000007	\N		あり		35.6011000000000024	139.718999999999994	0101000020E61000005EBA490C0277614014D044D8F0CC4140	2017-11-05 03:18:40	2017-11-03 15:00:00
229	防災広場	15	旗の台一丁目特定児童遊園	はたのだいいっちょうめ	荏原2	旗の台1-8-5	1993-04-01	613.759999999999991	\N		あり		35.610199999999999	139.701999999999998	0101000020E61000005839B4C87676614075029A081BCE4140	2017-11-05 03:18:40	2017-11-03 15:00:00
230	防災広場	16	西大井三丁目特定児童遊園	みなみおおいさんちょうめ	大井3	西大井3-4-14	1993-04-01	320.930000000000007	\N		あり		35.596899999999998	139.72399999999999	0101000020E6100000BA490C022B776140BF7D1D3867CC4140	2017-11-05 03:18:40	2017-11-03 15:00:00
231	防災広場	17	豊町一丁目特定児童遊園	ゆたかちょういちちょうめ	荏原5	豊町1-13-5	1993-04-01	532.970000000000027	\N		なし		35.6126999999999967	139.72399999999999	0101000020E6100000BA490C022B7761402D211FF46CCE4140	2017-11-05 03:18:40	2017-11-03 15:00:00
236	防災広場	22	本三くじら広場	ほんさん	崎1	西五反田4-4-7	2010-04-16	182.340000000000003	\N		なし		35.627600000000001	139.712999999999994	0101000020E6100000894160E5D07661401C7C613255D04140	2017-11-05 03:18:40	2017-11-03 15:00:00
237	防災広場	23	小山台一丁目防災広場	こやまだいいちちょうめ	荏1	小山台1-7-3	2010-04-16	289.550000000000011	\N		なし		35.6242999999999981	139.705999999999989	0101000020E61000003BDF4F8D977661404772F90FE9CF4140	2017-11-05 03:18:40	2017-11-03 15:00:00
238	防災広場	24	後地クマさん広場	うしろじくまさん	荏1	小山2-4-13	2010-04-16	635.340000000000032	\N		なし		35.6214999999999975	139.707999999999998	0101000020E61000002DB29DEFA7766140643BDF4F8DCF4140	2017-11-05 03:18:40	2017-11-03 15:00:00
239	防災広場	25	上蛇広場	かみへび	荏4	二葉4-3-10	2010-04-16	206.439999999999998	\N		なし		35.6026999999999987	139.713999999999999	0101000020E6100000022B8716D97661404CA60A4625CD4140	2017-11-05 03:18:40	2017-11-03 15:00:00
240	防災広場	26	東中みんなの広場	ひがしなかみんなのひろば	荏3	東中延1-2-8	2010-04-16	317.220000000000027	\N		なし		35.6118000000000023	139.713999999999999	0101000020E6100000022B8716D9766140AED85F764FCE4140	2017-11-05 03:18:40	2017-11-03 15:00:00
245	防災広場	31	ひのみ広場	ひのみ	荏3	戸越5-20-15	2011-12-22	121.540000000000006	\N		なし		35.6084000000000032	139.718999999999994	0101000020E61000005EBA490C0277614076711B0DE0CD4140	2017-11-05 03:18:40	2017-11-03 15:00:00
246	防災広場	32	かやの木の広場	かやのきの	荏5	豊町1-17-2	2012-03-24	240.840000000000003	\N		なし		35.6114999999999995	139.722000000000008	0101000020E6100000C976BE9F1A77614083C0CAA145CE4140	2017-11-05 03:18:40	2017-11-03 15:00:00
247	防災広場	33	中延みちしるべ防災広場	なかのべみちしるべぼうさいひろば	荏4	中延5-12-11	2012-04-15	724.509999999999991	\N		なし		35.6011999999999986	139.707999999999998	0101000020E61000002DB29DEFA7766140772D211FF4CC4140	2017-11-05 03:18:40	2017-11-03 15:00:00
248	防災広場	34	二葉中央のんき通り広場	ふたばちゅうおうのんきとおりひろば	荏5	二葉3-17-14	2012-04-22	262.079999999999984	\N		なし		35.6041000000000025	139.721000000000004	0101000020E6100000508D976E12776140BEC1172653CD4140	2017-11-05 03:18:40	2017-11-03 15:00:00
254	水辺広場	1	東品川水辺広場	ひがししながわみずべひろば	品川1	東品川3-9-21地先	1997-04-01	1353	\N	東品川海上公園に隣接しており、運河沿いにあるボードウォークが主な施設である。広場からの眺めは、運河対岸の公園と背景の天王洲ビル群とのコントラストが絶妙。	なし		35.617600000000003	139.748999999999995	0101000020E61000008716D9CEF77761403B014D840DCF4140	2017-11-05 03:18:40	2017-11-03 15:00:00
255	水辺広場	2	天王洲アイル第一水辺広場	てんのうずあいるだいいちみずべ	品川1	東品川2-3-21地先	1997-06-10	2797.5300000000002	\N		なし		35.6242000000000019	139.75200000000001	0101000020E6100000F2D24D6210786140E4141DC9E5CF4140	2017-11-05 03:18:40	2017-11-03 15:00:00
256	水辺広場	3	天王洲アイル第二水辺広場	てんのうずあいるだいに	品川1	東品川2-2-24地先	1997-06-10	946	\N		なし		35.623899999999999	139.748999999999995	0101000020E61000008716D9CEF7776140B9FC87F4DBCF4140	2017-11-05 03:18:40	2017-11-03 15:00:00
261	水辺広場	8	天王洲運河水辺広場	てんのうずうんが	品1	東品川1-3	2010-08-03	4432.31999999999971	\N	都港湾局所管の天王洲運河内部護岸上部を整備した施設	なし		35.6221000000000032	139.746000000000009	0101000020E61000001D5A643BDF776140BA6B09F9A0CF4140	2017-11-05 03:18:40	2017-11-03 15:00:00
262	水辺広場	9	勝島かもめ水辺広場	かつしまかもめ	大井1	勝島1-4地先	2013-09-02	5568.57999999999993	\N	下水道局勝島ポンプ所の一部および港湾局所管の防潮堤上部を利用した広場。勝島・京浜運河沿いの散歩道、またジョギングコースとして、開放的な水辺空間を味わうことができる。	なし		35.6015999999999977	139.747000000000014	0101000020E610000096438B6CE777614005A3923A01CD4140	2017-11-05 03:18:40	2017-11-03 15:00:00
263	水辺広場	10	天王洲アイル第三水辺広場	てんのうずあいるだいさん	品川1	東品川2-1-18	2015-11-01	1153.75	\N	東京都の護岸整備に併せ、運河ルネサンスの一環で、民間により整備された天王洲運河沿いの親水施設（ボードウォーク）となっている。民間施設と一体的に整備されている。	なし		35.622399999999999	139.747000000000014	0101000020E610000096438B6CE7776140E4839ECDAACF4140	2017-11-05 03:18:40	2017-11-03 15:00:00
264	開放広場	4	しながわ中央公園暫定開放広場	しながわちゅうおうこうえんざんていかいほうひろば	荏原5	西品川1-28地先	\N	3678.11999999999989	\N	しながわ中央公園拡張用地の一部を、本格的に整備するまでの間、暫定的に開放した広場。平常時には広々とした遊びの空間として、災害時には避難スペースとして活用できる。	なし		35.609099999999998	139.727000000000004	0101000020E610000025068195437761402EFF21FDF6CD4140	2017-11-05 03:18:40	2017-11-03 15:00:00
265	都立公園	1	潮風公園	しおかぜ		東八潮	1974-06-01	154940	\N	臨海副都心にあり、東京湾の美しい景色を眺めることができる。	あり	http://www.kensetsu.metro.tokyo.jp/kouen/kouenannai/park/shiokaze.html	35.6218999999999966	139.770999999999987	0101000020E6100000E9263108AC786140F2B0506B9ACF4140	2017-11-05 03:18:40	2017-11-03 15:00:00
267	都立海上公園	2	コンテナふ頭公園	コンテナふとう		八潮2－9－14	1975-12-01	2383	\N	芝生広場、コンテナふ頭で働く人々の憩いの公園	あり	http://seaside-park.jp/modules/contena_port/	35.6032000000000011	139.762	0101000020E6100000AAF1D24D627861403E7958A835CD4140	2017-11-05 03:18:40	2017-11-03 15:00:00
268	都立海上公園	3	京浜運河緑道公園	けいひんうんがりょくどう		八潮１、５	1975-12-01	77951.6000000000058	\N	京浜運河沿いの水辺の散歩道	あり	http://seaside-park.jp/modules/keihin_canal_green/	35.5972999999999971	139.748999999999995	0101000020E61000008716D9CEF77761404DF38E5374CC4140	2017-11-05 03:18:40	2017-11-03 15:00:00
269	都立海上公園	4	東八潮緑道公園	ひがしやしおりょくどう		東八潮	1975-12-01	4879	\N	南極観測船「宗谷」	なし	http://www.tptc.co.jp/park/higasiyasioryokudou/tabid/377/Default.aspx	35.6199000000000012	139.771999999999991	0101000020E610000062105839B47861402C6519E258CF4140	2017-11-05 03:18:40	2017-11-03 15:00:00
270	都立海上公園	5	みなとが丘ふ頭公園	みなとがおかふとう		八潮3－1－11	1977-01-20	50265	\N	壁泉を中心に階段広場と噴水、築山からの眺めと、変化に富んでいる。	あり	http://seaside-park.jp/modules/minatogaoka_port/	35.5957000000000008	139.763000000000005	0101000020E610000023DBF97E6A786140151DC9E53FCC4140	2017-11-05 03:18:40	2017-11-03 15:00:00
271	都立海上公園	6	大井ふ頭緑道公園	おおいふとうりょくどう		八潮４、５	1977-01-20	32662	\N	自然観察を楽しみながらのんびりと散策ができる。	なし	http://seaside-park.jp/modules/oi_port_green/	35.6007999999999996	139.754999999999995	0101000020E61000005C8FC2F528786140E9B7AF03E7CC4140	2017-11-05 03:18:40	2017-11-03 15:00:00
272	都立海上公園	7	大井ふ頭中央海浜公園	おおいふとうちゅうおうかいひん		八潮4－1－19	1978-04-01	340374	\N	スポーツの森、なぎさの森、せせらぎの森があり、スポーツの森は年間を通して多くの人が利用している。なぎさの森やせせらぎの森は自然と触れ合うことができる。ドッグランも設置されている。	あり	http://seaside-park.jp/modules/Top_Nagisa/	35.5927000000000007	139.752999999999986	0101000020E61000006ABC7493187861406B2BF697DDCB4140	2017-11-05 03:18:40	2017-11-03 15:00:00
58	区立公園	63	出石公園	いづるいし	大井3	西大井3-16-27	1975-03-27	1179.20000000000005	中	すぐ横を通る電車のスピードや音に子どもたちが大興奮する公園。すべり台の上、ブランコに乗りながらと遊びながら電車を楽しめるのが魅力。ボールあそびや思いきり走れるスペースもある。	あり		35.5945999999999998	139.722000000000008	0101000020E6100000C976BE9F1A776140CE1951DA1BCC4140	2017-11-05 03:18:40	2018-02-04 22:40:06
81	区立公園	86	仙台坂公園	せんだいざか	品川2	南品川5-16-1	1980-09-01	315.279999999999973	小	三ツ木児童センターに隣接する小さい公園。日曜日以外は雨が降ったらすぐに児童センターに遊びに入れる。中央の滑り台遊具や、地面の白砂からのあそびは広がりやすく、意外に長時間楽しめる。	なし		35.6086999999999989	139.741000000000014	0101000020E6100000C1CAA145B6776140A089B0E1E9CD4140	2017-11-05 03:18:40	2018-02-04 22:40:10
95	区立公園	101	南品川広場公園	みなみしながわひろば	品川2	南品川5-10-27	1989-04-01	501.509999999999991	中	大きなお砂場でじっくり砂あそびを楽しめる公園。和風回遊式庭園の自然の中で、鯉を見ながら小さな石橋を渡ったり、斜面に隠れながら探索したりと親子でいつもと違う雰囲気も楽しめる。	あり		35.609099999999998	139.740000000000009	0101000020E610000048E17A14AE7761402EFF21FDF6CD4140	2017-11-05 03:18:40	2018-02-04 22:40:10
124	区立公園	131	しながわ中央公園	しながわちゅうおう	荏原5大崎2	西品川1-27-14	2003-04-01	21082.7999999999993	大	つかまり立ちやおすわりで運河や船を見られる公園。屋上庭園の芝生やウッドデッキは大人も子どももゴロゴロでき、都会ならではの空も気持ち良い。噴水や浅い小川など水遊びも乳幼児向き。	あり	http://www.city.shinagawa.tokyo.jp/hp/menu000000400/hpg000000349.htm	35.6096999999999966	139.728000000000009	0101000020E61000009EEFA7C64B776140832F4CA60ACE4140	2017-11-05 03:18:40	2018-02-04 22:40:12
2	区立公園	2	八ツ山公園	やつやま	品川1	北品川1-14-7	1932-10-01	462.120000000000005	大	広大な自然に囲まれた都会のオアシス。四季折々たくさんの動植物にも出会え、ねんねの赤ちゃんから大人まで五感を揺さぶられる刺激が溢れている。夏はジャブジャブ池で水遊びも楽しめる。	なし		35.6246999999999971	139.742999999999995	0101000020E6100000B29DEFA7C6776140D5E76A2BF6CF4140	2017-11-05 03:18:40	2018-02-04 22:40:00
100	区立公園	106	西中お日さま公園	にしなかおひさま	荏原4	西中延3-10-11	1990-11-01	994.039999999999964	中	乳児向け遊具と少しお兄さん以上向け遊具となんとなく場所が分かれているが、大きい子向け遊具の下部分での乳児の探検やままごとや広がる！桜の散る頃は、桜吹雪の中遊べるのが最高。	あり		35.6069000000000031	139.705999999999989	0101000020E61000003BDF4F8D97766140A1F831E6AECD4140	2017-11-05 03:18:40	2018-02-04 22:40:11
127	区立公園	134	谷山公園	ややま	大崎1	西五反田3-6-15	2004-07-08	1300.6099999999999	小	通称『きしゃぽっぽ公園』。大きな汽車やかっこいいバイク型シーソー、小走りしたくなるやわらかな傾斜などに子どもたちの目はキラキラ。汽車の中は、おすわりでもはいはいでも楽しめる。	あり		35.6278000000000006	139.717999999999989	0101000020E6100000E5D022DBF9766140E3361AC05BD04140	2017-11-05 03:18:40	2018-02-04 22:40:13
40	区立公園	43	大崎公園	おおさき	大崎2	大崎5-5-17	1972-03-31	1170.53999999999996	中	遊具トンネルの中や、遊具の下でかくれんぼしたり、色々な動物のシーソーに乗ったり乳児にも楽しい公園。公園内に真っ直ぐにのびる道や、生け垣、ちょっとした段差で探索あそびも広がる。	あり		35.6231000000000009	139.72399999999999	0101000020E6100000BA490C022B7761409D11A5BDC1CF4140	2017-11-05 03:18:40	2018-02-04 22:40:03
43	区立公園	46	峰原公園	みねはら	大崎2	大崎3-17-27	1972-11-16	622.190000000000055	中	2段に重なっている珍しい滑り台があり、お母さんやお父さんの抱っこでのんびり遊べる小さな公園。8:00～17:00と開園時間が決まっていて安心。不定期でフリーマーケットも開催されている。	あり		35.6178999999999988	139.721000000000004	0101000020E6100000508D976E127761406519E25817CF4140	2017-11-05 03:18:40	2018-02-04 22:40:04
62	区立公園	67	御成橋公園	おなりばし	大崎1	東五反田2-15-20	1976-03-30	1558.57999999999993	大	ジャングルジムや滑り台が一体化したウッド遊具はつかまり立ちの赤ちゃんから小学生まで楽しめる。芝、タイル、砂地と色々な地面も探索が楽しい。桜の時期はお花見しながら遊べる公園。	あり		35.6223000000000027	139.729000000000013	0101000020E610000017D9CEF7537761408126C286A7CF4140	2017-11-05 03:18:40	2018-02-04 22:40:08
67	区立公園	72	西霧ヶ谷公園	にしきりがや	大崎1	西五反田5-28-16	1977-03-28	3328	小	チャレンジ気分を高める遊具もあるが、乳児にはバランス遊具や探索が人気。広場側は日当たり良好なので、スロープをヨチヨチお散歩したり、抱っこでみんなが遊ぶのを見ているのも楽しい。	あり		35.6233999999999966	139.711999999999989	0101000020E6100000105839B4C8766140C7293A92CBCF4140	2017-11-05 03:18:40	2018-02-04 22:40:09
134	区立公園	141	ごこう広場	ごごう	荏原4	中延5-9-23	2008-04-01	57.5799999999999983	小	ベンチの下に隠れる小人に誘われるように入っていける公園。滑り台上のベンチに座るのが人気。お母さんでも見守りやすい高さの滑り台なので、のんびり滑り台上でおままごとも楽しめる。	なし		35.6022000000000034	139.706999999999994	0101000020E6100000B4C876BE9F7661405BD3BCE314CD4140	2017-11-05 03:18:40	2018-02-04 22:40:14
143	区立公園	150	大崎西口公園	おおさきにしぐちこうえん	大崎2	大崎2-10-14	2014-10-10	1560.25	大	気持ちの良い広い芝生でゴロゴロ、ハイハイ、ヨチヨチ。赤ちゃんから大人までのんびり憩える場所。四季折々の景色やあそびも楽しめる。戸越公園のすぐ近くなので、この界隈で1日楽しめる。	あり		35.6174999999999997	139.729000000000013	0101000020E610000017D9CEF753776140D7A3703D0ACF4140	2017-11-05 03:18:40	2018-02-04 22:40:14
145	緑地	2	亀の甲緑地	かめのこう	大崎1	上大崎4-5-37	1989-04-01	157.280000000000001	小	坂道を利用して作られている小さな公園。斜面と階段どちらを上っても滑り台を楽しめるうえ、乳幼児親子にはちょうどよい探検コースもある。トイレはないが、大崎の駅ビルが目の前。	なし		35.628300000000003	139.716000000000008	0101000020E6100000F4FDD478E9766140D50968226CD04140	2017-11-05 03:18:40	2018-02-04 22:40:15
266	都立公園	2	林試の森公園	りんしのもり		小山台２丁目地内	1989-06-01	63805.9000000000015	\N	広大な自然に囲まれた都会のオアシス。四季折々たくさんの動植物にも出会え、ねんねの赤ちゃんから大人まで五感を揺さぶられる刺激が溢れている。夏はジャブジャブ池で水遊びも楽しめる。	あり	http://www.kensetsu.metro.tokyo.jp/kouen/kouenannai/park/rinshinomori.html	35.6248999999999967	139.701999999999998	0101000020E61000005839B4C8767661409CA223B9FCCF4140	2017-11-05 03:18:40	2017-11-03 15:00:00
3	区立公園	3	戸越公園	とごし	荏原5	豊町2-1-30	1935-03-24	18255	大	品川区の真ん中にいることを忘れてしまうくらい自然豊かな公園。ベビーカーや抱っこで池を眺めたり、石段のある森を探検したり、遊具で遊んだりと楽しみ方もたくさん。夏にはザリガニもとれる。	あり	http://www.city.shinagawa.tokyo.jp/hp/menu000000400/hpg000000343.htm	35.6105000000000018	139.723000000000013	0101000020E61000004260E5D022776140A01A2FDD24CE4140	2017-11-05 03:18:40	2018-02-04 22:40:02
260	水辺広場	7	五反田ふれあい水辺広場	ごたんだふれあい	崎1	東五反田2-9-11	2010-07-07	3441.67999999999984	\N	芝生にウッドデッキにゆるやかなスロープ、程よい高さの階段と乳児が探索を満喫できる広場。目黒川の四季折々も楽しる。桜の時期は桜はもちろん、舟の往来も多く楽しさ倍増。	なし		35.6242000000000019	139.725999999999999	0101000020E6100000AC1C5A643B776140E4141DC9E5CF4140	2017-11-05 03:18:40	2017-11-03 15:00:00
9	区立公園	9	五反田公園	ごたんだ	大崎1	東五反田5-25-27	1950-06-10	964.830000000000041	中	桜並木で有名な坂の途中にある公園。東五反田児童センター近くなので安心。少し急な斜面もあるが、手をつないでお散歩したり、バランスをとりながら歩いてみたりが楽しい。	あり		35.6278000000000006	139.72399999999999	0101000020E6100000BA490C022B776140E3361AC05BD04140	2017-11-05 03:18:40	2018-02-04 22:40:03
37	区立公園	40	西五反田公園	にしごたんだ	大崎1	西五反田5-6-4	1971-11-30	2273.57999999999993	\N	2段に分かれていて、お散歩にままごとに遊具あそびにと色々な遊びを楽しめる公園。大きな迷路ジャングルジムは、つかまり立ちから小学生まで楽しめる。隣接する神社の雰囲気も素敵。	あり		35.6240000000000023	139.715000000000003	0101000020E61000007B14AE47E17661401D5A643BDFCF4140	2017-11-05 03:18:40	2017-11-03 15:00:00
42	区立公園	45	西の台公園	にしのだい	大崎2	西品川1-4-8	1972-03-31	617.610000000000014	\N	坂道の途中にある高低さの大きい公園。大きな滑り台は上り方も下り方も子どもたちの思いつくままに♪寄り道しながらゆっくり階段を上ってはお母さんと一緒に滑ってをくりかえし楽しめる。	あり		35.6139999999999972	139.729000000000013	0101000020E610000017D9CEF7537761403BDF4F8D97CE4140	2017-11-05 03:18:40	2017-11-03 15:00:00
196	児童遊園	62	わかば児童遊園	わかば	荏原3	戸越1-29-21	1994-04-01	2256	\N	公園のどのベンチに座っても全体が見渡せる。午前中はポカポカのんびり赤ちゃんたちで、午後は幼稚園帰りの幼児さんたちと一緒に楽しめる。石の滑り台遊具や健康器具は乳児にも魅力的で楽しい。	あり		35.6156000000000006	139.722000000000008	0101000020E6100000C976BE9F1A77614074B515FBCBCE4140	2017-11-05 03:18:40	2017-11-03 15:00:00
76	区立公園	81	三ツ木公園	みつぎ	大崎2	西品川2-6-11	1979-12-28	490.050000000000011	\N	三ツ木児童センターに隣接する小さい公園。日曜日以外は雨が降ったらすぐに児童センターに遊びに入れる。中央の滑り台遊具や、地面の白砂からのあそびは広がりやすく、意外に長時間楽しめる。	あり		35.6139999999999972	139.725999999999999	0101000020E6100000AC1C5A643B7761403BDF4F8D97CE4140	2017-11-05 03:18:40	2017-11-03 15:00:00
89	区立公園	95	池田山公園	いけだやま	大崎1	東五反田5-4-35	1984-04-01	7022	\N	大きなお砂場でじっくり砂あそびを楽しめる公園。和風回遊式庭園の自然の中で、鯉を見ながら小さな石橋を渡ったり、斜面に隠れながら探索したりと親子でいつもと違う雰囲気も楽しめる。	あり	http://www.city.shinagawa.tokyo.jp/hp/menu000000400/hpg000000344.htm	35.632399999999997	139.723000000000013	0101000020E61000004260E5D022776140C5FEB27BF2D04140	2017-11-05 03:18:40	2017-11-03 15:00:00
117	区立公園	124	東品川海上公園	ひがししながわかいじょう	品川1	東品川3-9-21	1996-04-01	19476.5	\N	つかまり立ちやおすわりで運河や船を見られる公園。屋上庭園の芝生やウッドデッキは大人も子どももゴロゴロでき、都会ならではの空も気持ち良い。噴水や浅い小川など水遊びも乳幼児向き。	あり	http://www.city.shinagawa.tokyo.jp/hp/menu000000400/hpg000000350.htm	35.6174000000000035	139.75	0101000020E61000000000000000786140744694F606CF4140	2017-11-05 03:18:40	2017-11-03 15:00:00
120	区立公園	127	居木橋公園	いるきばし	大崎1	大崎1-14-4	1999-01-07	1400	\N	ベンチの下に隠れる小人に誘われるように入っていける公園。滑り台上のベンチに座るのが人気。お母さんでも見守りやすい高さの滑り台なので、のんびり滑り台上でおままごとも楽しめる。	なし		35.6186999999999969	139.733000000000004	0101000020E6100000FA7E6ABC747761408104C58F31CF4140	2017-11-05 03:18:40	2017-11-03 15:00:00
\.


--
-- Name: park_lists_id_seq; Type: SEQUENCE SET; Schema: public; Owner: postgres
--

SELECT pg_catalog.setval('park_lists_id_seq', 273, true);


--
-- Data for Name: photos; Type: TABLE DATA; Schema: public; Owner: postgres
--

COPY photos (id, park_list_id, photo_url, created, modified) FROM stdin;
1	3	003_01.jpg	2018-02-20 13:48:28.142323	2018-02-20 13:48:28.142323
2	3	003_02.jpg	2018-02-20 13:48:28.146183	2018-02-20 13:48:28.146183
3	3	003_03.jpg	2018-02-20 13:48:28.151483	2018-02-20 13:48:28.151483
4	3	003_04.jpg	2018-02-20 13:48:28.166413	2018-02-20 13:48:28.166413
5	3	003_05.jpg	2018-02-20 13:48:28.190379	2018-02-20 13:48:28.190379
6	3	003_06.jpg	2018-02-20 13:48:28.217328	2018-02-20 13:48:28.217328
7	3	003_07.jpg	2018-02-20 13:48:28.220225	2018-02-20 13:48:28.220225
8	3	003_08.jpg	2018-02-20 13:48:28.241343	2018-02-20 13:48:28.241343
9	37	037_01.jpg	2018-02-20 13:48:28.244367	2018-02-20 13:48:28.244367
10	37	037_02.jpg	2018-02-20 13:48:28.264343	2018-02-20 13:48:28.264343
11	40	040_01.jpg	2018-02-20 13:48:28.287385	2018-02-20 13:48:28.287385
12	40	040_02.jpg	2018-02-20 13:48:28.290483	2018-02-20 13:48:28.290483
13	40	040_03.jpg	2018-02-20 13:48:28.310595	2018-02-20 13:48:28.310595
14	40	040_04.jpg	2018-02-20 13:48:28.343532	2018-02-20 13:48:28.343532
15	40	040_05.jpg	2018-02-20 13:48:28.346809	2018-02-20 13:48:28.346809
16	40	040_06.jpg	2018-02-20 13:48:28.368497	2018-02-20 13:48:28.368497
17	42	042_01.jpg	2018-02-20 13:48:28.37185	2018-02-20 13:48:28.37185
18	42	042_02.jpg	2018-02-20 13:48:28.395425	2018-02-20 13:48:28.395425
19	42	042_03.jpg	2018-02-20 13:48:28.398574	2018-02-20 13:48:28.398574
20	42	042_04.jpg	2018-02-20 13:48:28.415096	2018-02-20 13:48:28.415096
21	42	042_05.jpg	2018-02-20 13:48:28.437115	2018-02-20 13:48:28.437115
22	42	042_06.jpg	2018-02-20 13:48:28.461144	2018-02-20 13:48:28.461144
23	42	042_07.jpg	2018-02-20 13:48:28.463758	2018-02-20 13:48:28.463758
24	43	043_01.jpg	2018-02-20 13:48:28.483099	2018-02-20 13:48:28.483099
25	43	043_02.jpg	2018-02-20 13:48:28.507137	2018-02-20 13:48:28.507137
26	43	043_03.jpg	2018-02-20 13:48:28.509793	2018-02-20 13:48:28.509793
27	43	043_04.jpg	2018-02-20 13:48:28.534106	2018-02-20 13:48:28.534106
28	57	057_01.jpg	2018-02-20 13:48:28.536699	2018-02-20 13:48:28.536699
29	67	067_01.jpg	2018-02-20 13:48:28.559179	2018-02-20 13:48:28.559179
30	67	067_02.jpg	2018-02-20 13:48:28.584173	2018-02-20 13:48:28.584173
31	76	076_01.jpg	2018-02-20 13:48:28.5869	2018-02-20 13:48:28.5869
32	76	076_02.jpg	2018-02-20 13:48:28.608148	2018-02-20 13:48:28.608148
33	76	076_03.jpg	2018-02-20 13:48:28.648159	2018-02-20 13:48:28.648159
34	76	076_04.jpg	2018-02-20 13:48:28.650851	2018-02-20 13:48:28.650851
35	94	094_01.jpg	2018-02-20 13:48:28.681111	2018-02-20 13:48:28.681111
36	96	096_01.jpg	2018-02-20 13:48:28.683819	2018-02-20 13:48:28.683819
37	96	096_02.jpg	2018-02-20 13:48:28.70811	2018-02-20 13:48:28.70811
38	96	096_03.jpg	2018-02-20 13:48:28.710799	2018-02-20 13:48:28.710799
39	96	096_04.jpg	2018-02-20 13:48:28.731148	2018-02-20 13:48:28.731148
40	120	120_01.jpg	2018-02-20 13:48:28.73382	2018-02-20 13:48:28.73382
41	120	120_02.jpg	2018-02-20 13:48:28.760227	2018-02-20 13:48:28.760227
42	120	120_03.jpg	2018-02-20 13:48:28.763063	2018-02-20 13:48:28.763063
43	120	120_04.jpg	2018-02-20 13:48:28.787281	2018-02-20 13:48:28.787281
44	120	120_05.jpg	2018-02-20 13:48:28.789822	2018-02-20 13:48:28.789822
45	120	120_06.jpg	2018-02-20 13:48:28.806332	2018-02-20 13:48:28.806332
46	136	136_01.jpg	2018-02-20 13:48:28.81815	2018-02-20 13:48:28.81815
47	136	136_02.jpg	2018-02-20 13:48:28.842152	2018-02-20 13:48:28.842152
48	138	138_01.jpg	2018-02-20 13:48:28.873223	2018-02-20 13:48:28.873223
49	138	138_02.jpg	2018-02-20 13:48:28.875918	2018-02-20 13:48:28.875918
50	138	138_03.jpg	2018-02-20 13:48:28.91855	2018-02-20 13:48:28.91855
51	138	138_04.jpg	2018-02-20 13:48:28.921722	2018-02-20 13:48:28.921722
52	196	196_01.jpg	2018-02-20 13:48:28.945414	2018-02-20 13:48:28.945414
53	196	196_02.jpg	2018-02-20 13:48:28.948197	2018-02-20 13:48:28.948197
54	196	196_03.jpg	2018-02-20 13:48:28.950876	2018-02-20 13:48:28.950876
55	196	196_04.jpg	2018-02-20 13:48:28.970168	2018-02-20 13:48:28.970168
56	196	196_05.jpg	2018-02-20 13:48:28.992203	2018-02-20 13:48:28.992203
57	196	196_06.jpg	2018-02-20 13:48:28.994824	2018-02-20 13:48:28.994824
58	196	196_07.jpg	2018-02-20 13:48:29.01927	2018-02-20 13:48:29.01927
\.


--
-- Name: photos_id_seq; Type: SEQUENCE SET; Schema: public; Owner: postgres
--

SELECT pg_catalog.setval('photos_id_seq', 58, true);


--
-- Data for Name: posts; Type: TABLE DATA; Schema: public; Owner: postgres
--

COPY posts (id, park_list_id, age, rank, photo_path, message, created, modified) FROM stdin;
1	3	2	1	003_01.jpg	バランスとりながら歩くだけで楽しそう。急な雨だったけど、ゆたか児童センタで雨宿りできてよかった。	2017-11-01 00:00:00	2018-02-20 14:24:16.375869
3	57	2	1	057_01.jpg	石の大きな滑り台。右から登れそうだけど、やっぱり正面突破したいみたい。	2017-08-02 00:00:00	2018-02-20 14:24:16.411537
5	76	1	1	076_01.jpg	商店街でのお散歩帰りに。小さい子向けの滑り台、ブランコで遊ばせやすい。	2017-08-01 00:00:00	2018-02-20 14:24:16.452569
6	94	4	1	094_01.jpg	小学生のお兄さんたちの遊びを眺めつつ、小さい子コーナーでゆっくりと。小さい子向け滑り台が象さんデザインでかわいい。	2017-10-02 00:00:00	2018-02-20 14:24:16.475173
8	127	2	1	127_01.jpg	小さい子向けの遊具が充実。滑り台の上のおうちの窓からこんにちわ！	2017-08-01 00:00:00	2018-02-20 14:24:16.530499
9	136	1	1	136_01.jpg	芝生の上にレジャーシートを敷いてゴロン。赤ちゃんは芝生触るの楽しいみたい。	2017-10-22 00:00:00	2018-02-20 14:24:16.539863
10	260	2	1	260_01.jpg	今日は芝生の上でシャボン玉。ふかふか芝生だとよちよちちゃんも転んでも安心。	2017-08-01 00:00:00	2018-02-20 14:24:16.576876
11	266	1	1	266_01.jpg	もくりんぴっくで。落ち葉でバラを作ってもらって大満足。お兄さんたちはどんぐり拾いが楽しそうでした	2017-11-01 00:00:00	2018-02-20 14:24:16.592
4	67	2	1	067_01.jpg	遊具の上に上ってバランス！グラグラするのが楽しいみたい♪	2017-11-30 00:00:00	2018-02-20 14:24:16.429242
7	117	1	1	117_01.jpg	ウッドデッキだからはいはいちゃんも汚れにくくてママ安心。花壇もきれいだし運河で船もみて楽しそう！また桜の季節に来たい	2017-09-01 00:00:00	2018-02-20 14:24:16.512642
12	15	12	1	\N		2018-02-25 15:20:11.630298	2018-02-25 15:20:11.630298
13	179	9	1	\N	う	2018-02-25 15:28:22.10951	2018-02-25 15:28:22.10951
2	37	4	1	\N	広い公園の中をお散歩。迷路でお友達と追いかけっこも。でも一番のお気に入りは健康器具にぶら下がること！空いてるからのびのびあそべる	2018-02-01 00:00:00	2018-02-20 14:24:16.39081
14	35	8	\N	\N		2018-03-08 14:02:00.669047	2018-03-08 14:02:00.669047
15	2	4	1	\N		2018-04-15 10:00:30.155685	2018-04-15 10:00:30.155685
\.


--
-- Name: posts_id_seq; Type: SEQUENCE SET; Schema: public; Owner: postgres
--

SELECT pg_catalog.setval('posts_id_seq', 15, true);


--
-- Data for Name: ranks; Type: TABLE DATA; Schema: public; Owner: postgres
--

COPY ranks (id, park_list_id, age, rank, created, modified) FROM stdin;
\.


--
-- Name: ranks_id_seq; Type: SEQUENCE SET; Schema: public; Owner: postgres
--

SELECT pg_catalog.setval('ranks_id_seq', 1, false);


--
-- Data for Name: spatial_ref_sys; Type: TABLE DATA; Schema: public; Owner: postgres
--

COPY spatial_ref_sys (srid, auth_name, auth_srid, srtext, proj4text) FROM stdin;
\.


--
-- Data for Name: survey_photos; Type: TABLE DATA; Schema: public; Owner: postgres
--

COPY survey_photos (id, survey_id, photo_path, photo_lat, photo_lng, point, created, modified) FROM stdin;
\.


--
-- Name: survey_photos_id_seq; Type: SEQUENCE SET; Schema: public; Owner: postgres
--

SELECT pg_catalog.setval('survey_photos_id_seq', 1, false);


--
-- Data for Name: surveys; Type: TABLE DATA; Schema: public; Owner: postgres
--

COPY surveys (id, member_id, suvery_date, created, modified) FROM stdin;
\.


--
-- Name: surveys_id_seq; Type: SEQUENCE SET; Schema: public; Owner: postgres
--

SELECT pg_catalog.setval('surveys_id_seq', 1, false);


--
-- Name: categories categories_pkey; Type: CONSTRAINT; Schema: public; Owner: postgres
--

ALTER TABLE ONLY categories
    ADD CONSTRAINT categories_pkey PRIMARY KEY (id);


--
-- Name: details details_pkey; Type: CONSTRAINT; Schema: public; Owner: postgres
--

ALTER TABLE ONLY details
    ADD CONSTRAINT details_pkey PRIMARY KEY (id);


--
-- Name: landmarks landmarks_pkey; Type: CONSTRAINT; Schema: public; Owner: postgres
--

ALTER TABLE ONLY landmarks
    ADD CONSTRAINT landmarks_pkey PRIMARY KEY (id);


--
-- Name: members members_pkey; Type: CONSTRAINT; Schema: public; Owner: postgres
--

ALTER TABLE ONLY members
    ADD CONSTRAINT members_pkey PRIMARY KEY (id);


--
-- Name: park_lists park_lists_pkey; Type: CONSTRAINT; Schema: public; Owner: postgres
--

ALTER TABLE ONLY park_lists
    ADD CONSTRAINT park_lists_pkey PRIMARY KEY (id);


--
-- Name: photos photos_pkey; Type: CONSTRAINT; Schema: public; Owner: postgres
--

ALTER TABLE ONLY photos
    ADD CONSTRAINT photos_pkey PRIMARY KEY (id);


--
-- Name: posts posts_pkey; Type: CONSTRAINT; Schema: public; Owner: postgres
--

ALTER TABLE ONLY posts
    ADD CONSTRAINT posts_pkey PRIMARY KEY (id);


--
-- Name: ranks ranks_pkey; Type: CONSTRAINT; Schema: public; Owner: postgres
--

ALTER TABLE ONLY ranks
    ADD CONSTRAINT ranks_pkey PRIMARY KEY (id);


--
-- Name: survey_photos survey_photos_pkey; Type: CONSTRAINT; Schema: public; Owner: postgres
--

ALTER TABLE ONLY survey_photos
    ADD CONSTRAINT survey_photos_pkey PRIMARY KEY (id);


--
-- Name: surveys surveys_pkey; Type: CONSTRAINT; Schema: public; Owner: postgres
--

ALTER TABLE ONLY surveys
    ADD CONSTRAINT surveys_pkey PRIMARY KEY (id);


--
-- PostgreSQL database dump complete
--

